Protein id	Element symbol	Element name	Scope	Type	Subtype	Class	Subclass	Method	Target length	Reference sequence length	% Coverage of reference	% Identity to reference	Alignment length	Closest reference accession	Closest reference name	HMM accession	HMM description
AHLCKIOI_00286	aac(2')-Ic	aminoglycoside N-acetyltransferase AAC(2')-Ic	core	AMR	AMR	AMINOGLYCOSIDE	GENTAMICIN/TOBRAMYCIN	EXACTP	181	181	100.00	100.00	181	WP_003899880.1	aminoglycoside N-acetyltransferase AAC(2')-Ic	NF000034.1	aminoglycoside N-acetyltransferase AAC(2')-Ic
AHLCKIOI_02102	erm(37)	23S rRNA (adenine(2058)-N(6))-methyltransferase Erm(37)	core	AMR	AMR	LINCOSAMIDE/MACROLIDE	AZITHROMYCIN/CLARITHROMYCIN/CLINDAMYCIN/ERYTHROMYCIN/TELITHROMYCIN	PARTIALP	150	179	83.80	99.33	150	WP_003900446.1	23S rRNA (adenine(2058)-N(6))-methyltransferase Erm(37)	NA	NA
AHLCKIOI_02189	blaC	class A beta-lactamase BlaC	core	AMR	AMR	BETA-LACTAM	BETA-LACTAM	EXACTP	307	307	100.00	100.00	307	WP_003410677.1	class A beta-lactamase BlaC	NF041154.1	class A beta-lactamase BlaC
AHMKLJIA_00285	aac(2')-Ic	aminoglycoside N-acetyltransferase AAC(2')-Ic	core	AMR	AMR	AMINOGLYCOSIDE	GENTAMICIN/TOBRAMYCIN	EXACTP	181	181	100.00	100.00	181	WP_003899880.1	aminoglycoside N-acetyltransferase AAC(2')-Ic	NF000034.1	aminoglycoside N-acetyltransferase AAC(2')-Ic
AHMKLJIA_02125	erm(37)	23S rRNA (adenine(2058)-N(6))-methyltransferase Erm(37)	core	AMR	AMR	LINCOSAMIDE/MACROLIDE	AZITHROMYCIN/CLARITHROMYCIN/CLINDAMYCIN/ERYTHROMYCIN/TELITHROMYCIN	PARTIALP	150	179	83.80	99.33	150	WP_003900446.1	23S rRNA (adenine(2058)-N(6))-methyltransferase Erm(37)	NA	NA
AHMKLJIA_02217	blaC	class A beta-lactamase BlaC	core	AMR	AMR	BETA-LACTAM	BETA-LACTAM	EXACTP	307	307	100.00	100.00	307	WP_003410677.1	class A beta-lactamase BlaC	NF041154.1	class A beta-lactamase BlaC
ALCKCFED_00286	aac(2')-Ic	aminoglycoside N-acetyltransferase AAC(2')-Ic	core	AMR	AMR	AMINOGLYCOSIDE	GENTAMICIN/TOBRAMYCIN	EXACTP	181	181	100.00	100.00	181	WP_003899880.1	aminoglycoside N-acetyltransferase AAC(2')-Ic	NF000034.1	aminoglycoside N-acetyltransferase AAC(2')-Ic
ALCKCFED_02103	erm(37)	23S rRNA (adenine(2058)-N(6))-methyltransferase Erm(37)	core	AMR	AMR	LINCOSAMIDE/MACROLIDE	AZITHROMYCIN/CLARITHROMYCIN/CLINDAMYCIN/ERYTHROMYCIN/TELITHROMYCIN	PARTIALP	150	179	83.80	99.33	150	WP_003900446.1	23S rRNA (adenine(2058)-N(6))-methyltransferase Erm(37)	NA	NA
ALCKCFED_02196	blaC	class A beta-lactamase BlaC	core	AMR	AMR	BETA-LACTAM	BETA-LACTAM	EXACTP	307	307	100.00	100.00	307	WP_003410677.1	class A beta-lactamase BlaC	NF041154.1	class A beta-lactamase BlaC
BDEKABBC_00284	aac(2')-Ic	aminoglycoside N-acetyltransferase AAC(2')-Ic	core	AMR	AMR	AMINOGLYCOSIDE	GENTAMICIN/TOBRAMYCIN	EXACTP	181	181	100.00	100.00	181	WP_003899880.1	aminoglycoside N-acetyltransferase AAC(2')-Ic	NF000034.1	aminoglycoside N-acetyltransferase AAC(2')-Ic
BDEKABBC_02120	erm(37)	23S rRNA (adenine(2058)-N(6))-methyltransferase Erm(37)	core	AMR	AMR	LINCOSAMIDE/MACROLIDE	AZITHROMYCIN/CLARITHROMYCIN/CLINDAMYCIN/ERYTHROMYCIN/TELITHROMYCIN	PARTIALP	150	179	83.80	99.33	150	WP_003900446.1	23S rRNA (adenine(2058)-N(6))-methyltransferase Erm(37)	NA	NA
BDEKABBC_02210	blaC	class A beta-lactamase BlaC	core	AMR	AMR	BETA-LACTAM	BETA-LACTAM	EXACTP	307	307	100.00	100.00	307	WP_003410677.1	class A beta-lactamase BlaC	NF041154.1	class A beta-lactamase BlaC
BFNOOKKE_00284	aac(2')-Ic	aminoglycoside N-acetyltransferase AAC(2')-Ic	core	AMR	AMR	AMINOGLYCOSIDE	GENTAMICIN/TOBRAMYCIN	EXACTP	181	181	100.00	100.00	181	WP_003899880.1	aminoglycoside N-acetyltransferase AAC(2')-Ic	NF000034.1	aminoglycoside N-acetyltransferase AAC(2')-Ic
BFNOOKKE_02136	erm(37)	23S rRNA (adenine(2058)-N(6))-methyltransferase Erm(37)	core	AMR	AMR	LINCOSAMIDE/MACROLIDE	AZITHROMYCIN/CLARITHROMYCIN/CLINDAMYCIN/ERYTHROMYCIN/TELITHROMYCIN	PARTIALP	150	179	83.80	99.33	150	WP_003900446.1	23S rRNA (adenine(2058)-N(6))-methyltransferase Erm(37)	NA	NA
BFNOOKKE_02228	blaC	class A beta-lactamase BlaC	core	AMR	AMR	BETA-LACTAM	BETA-LACTAM	EXACTP	307	307	100.00	100.00	307	WP_003410677.1	class A beta-lactamase BlaC	NF041154.1	class A beta-lactamase BlaC
BMCLPFGC_00785	aac(2')-Ic	aminoglycoside N-acetyltransferase AAC(2')-Ic	core	AMR	AMR	AMINOGLYCOSIDE	GENTAMICIN/TOBRAMYCIN	EXACTP	181	181	100.00	100.00	181	WP_003899880.1	aminoglycoside N-acetyltransferase AAC(2')-Ic	NF000034.1	aminoglycoside N-acetyltransferase AAC(2')-Ic
BMCLPFGC_02627	erm(37)	23S rRNA (adenine(2058)-N(6))-methyltransferase Erm(37)	core	AMR	AMR	LINCOSAMIDE/MACROLIDE	AZITHROMYCIN/CLARITHROMYCIN/CLINDAMYCIN/ERYTHROMYCIN/TELITHROMYCIN	PARTIALP	150	179	83.80	99.33	150	WP_003900446.1	23S rRNA (adenine(2058)-N(6))-methyltransferase Erm(37)	NA	NA
BMCLPFGC_02719	blaC	class A beta-lactamase BlaC	core	AMR	AMR	BETA-LACTAM	BETA-LACTAM	EXACTP	307	307	100.00	100.00	307	WP_003410677.1	class A beta-lactamase BlaC	NF041154.1	class A beta-lactamase BlaC
BONCPCHE_00290	aac(2')-Ic	aminoglycoside N-acetyltransferase AAC(2')-Ic	core	AMR	AMR	AMINOGLYCOSIDE	GENTAMICIN/TOBRAMYCIN	EXACTP	181	181	100.00	100.00	181	WP_003899880.1	aminoglycoside N-acetyltransferase AAC(2')-Ic	NF000034.1	aminoglycoside N-acetyltransferase AAC(2')-Ic
BONCPCHE_02196	blaC	class A beta-lactamase BlaC	core	AMR	AMR	BETA-LACTAM	BETA-LACTAM	EXACTP	307	307	100.00	100.00	307	WP_003410677.1	class A beta-lactamase BlaC	NF041154.1	class A beta-lactamase BlaC
CECOAENJ_00285	aac(2')-Ic	aminoglycoside N-acetyltransferase AAC(2')-Ic	core	AMR	AMR	AMINOGLYCOSIDE	GENTAMICIN/TOBRAMYCIN	EXACTP	181	181	100.00	100.00	181	WP_003899880.1	aminoglycoside N-acetyltransferase AAC(2')-Ic	NF000034.1	aminoglycoside N-acetyltransferase AAC(2')-Ic
CECOAENJ_02130	erm(37)	23S rRNA (adenine(2058)-N(6))-methyltransferase Erm(37)	core	AMR	AMR	LINCOSAMIDE/MACROLIDE	AZITHROMYCIN/CLARITHROMYCIN/CLINDAMYCIN/ERYTHROMYCIN/TELITHROMYCIN	PARTIALP	150	179	83.80	99.33	150	WP_003900446.1	23S rRNA (adenine(2058)-N(6))-methyltransferase Erm(37)	NA	NA
CECOAENJ_02218	blaC	class A beta-lactamase BlaC	core	AMR	AMR	BETA-LACTAM	BETA-LACTAM	EXACTP	307	307	100.00	100.00	307	WP_003410677.1	class A beta-lactamase BlaC	NF041154.1	class A beta-lactamase BlaC
CMCEJCNC_00285	aac(2')-Ic	aminoglycoside N-acetyltransferase AAC(2')-Ic	core	AMR	AMR	AMINOGLYCOSIDE	GENTAMICIN/TOBRAMYCIN	EXACTP	181	181	100.00	100.00	181	WP_003899880.1	aminoglycoside N-acetyltransferase AAC(2')-Ic	NF000034.1	aminoglycoside N-acetyltransferase AAC(2')-Ic
CMCEJCNC_02111	erm(37)	23S rRNA (adenine(2058)-N(6))-methyltransferase Erm(37)	core	AMR	AMR	LINCOSAMIDE/MACROLIDE	AZITHROMYCIN/CLARITHROMYCIN/CLINDAMYCIN/ERYTHROMYCIN/TELITHROMYCIN	PARTIALP	150	179	83.80	98.67	150	WP_003900446.1	23S rRNA (adenine(2058)-N(6))-methyltransferase Erm(37)	NA	NA
CMCEJCNC_02200	blaC	class A beta-lactamase BlaC	core	AMR	AMR	BETA-LACTAM	BETA-LACTAM	EXACTP	307	307	100.00	100.00	307	WP_003410677.1	class A beta-lactamase BlaC	NF041154.1	class A beta-lactamase BlaC
DAEACGKN_00275	aac(2')-Ic	aminoglycoside N-acetyltransferase AAC(2')-Ic	core	AMR	AMR	AMINOGLYCOSIDE	GENTAMICIN/TOBRAMYCIN	EXACTP	181	181	100.00	100.00	181	WP_003899880.1	aminoglycoside N-acetyltransferase AAC(2')-Ic	NF000034.1	aminoglycoside N-acetyltransferase AAC(2')-Ic
DAEACGKN_02140	erm(37)	23S rRNA (adenine(2058)-N(6))-methyltransferase Erm(37)	core	AMR	AMR	LINCOSAMIDE/MACROLIDE	AZITHROMYCIN/CLARITHROMYCIN/CLINDAMYCIN/ERYTHROMYCIN/TELITHROMYCIN	PARTIALP	150	179	83.80	99.33	150	WP_003900446.1	23S rRNA (adenine(2058)-N(6))-methyltransferase Erm(37)	NA	NA
DAEACGKN_02235	blaC	class A beta-lactamase BlaC	core	AMR	AMR	BETA-LACTAM	BETA-LACTAM	EXACTP	307	307	100.00	100.00	307	WP_003410677.1	class A beta-lactamase BlaC	NF041154.1	class A beta-lactamase BlaC
DAIONJJO_00286	aac(2')-Ic	aminoglycoside N-acetyltransferase AAC(2')-Ic	core	AMR	AMR	AMINOGLYCOSIDE	GENTAMICIN/TOBRAMYCIN	EXACTP	181	181	100.00	100.00	181	WP_003899880.1	aminoglycoside N-acetyltransferase AAC(2')-Ic	NF000034.1	aminoglycoside N-acetyltransferase AAC(2')-Ic
DAIONJJO_02141	erm(37)	23S rRNA (adenine(2058)-N(6))-methyltransferase Erm(37)	core	AMR	AMR	LINCOSAMIDE/MACROLIDE	AZITHROMYCIN/CLARITHROMYCIN/CLINDAMYCIN/ERYTHROMYCIN/TELITHROMYCIN	PARTIALP	150	179	83.80	99.33	150	WP_003900446.1	23S rRNA (adenine(2058)-N(6))-methyltransferase Erm(37)	NA	NA
DAIONJJO_02230	blaC	class A beta-lactamase BlaC	core	AMR	AMR	BETA-LACTAM	BETA-LACTAM	EXACTP	307	307	100.00	100.00	307	WP_003410677.1	class A beta-lactamase BlaC	NF041154.1	class A beta-lactamase BlaC
DCHFINLO_00285	aac(2')-Ic	aminoglycoside N-acetyltransferase AAC(2')-Ic	core	AMR	AMR	AMINOGLYCOSIDE	GENTAMICIN/TOBRAMYCIN	EXACTP	181	181	100.00	100.00	181	WP_003899880.1	aminoglycoside N-acetyltransferase AAC(2')-Ic	NF000034.1	aminoglycoside N-acetyltransferase AAC(2')-Ic
DCHFINLO_02127	erm(37)	23S rRNA (adenine(2058)-N(6))-methyltransferase Erm(37)	core	AMR	AMR	LINCOSAMIDE/MACROLIDE	AZITHROMYCIN/CLARITHROMYCIN/CLINDAMYCIN/ERYTHROMYCIN/TELITHROMYCIN	PARTIALP	150	179	83.80	99.33	150	WP_003900446.1	23S rRNA (adenine(2058)-N(6))-methyltransferase Erm(37)	NA	NA
DCHFINLO_02222	blaC	class A beta-lactamase BlaC	core	AMR	AMR	BETA-LACTAM	BETA-LACTAM	EXACTP	307	307	100.00	100.00	307	WP_003410677.1	class A beta-lactamase BlaC	NF041154.1	class A beta-lactamase BlaC
DDJPKCBF_00284	aac(2')-Ic	aminoglycoside N-acetyltransferase AAC(2')-Ic	core	AMR	AMR	AMINOGLYCOSIDE	GENTAMICIN/TOBRAMYCIN	EXACTP	181	181	100.00	100.00	181	WP_003899880.1	aminoglycoside N-acetyltransferase AAC(2')-Ic	NF000034.1	aminoglycoside N-acetyltransferase AAC(2')-Ic
DDJPKCBF_02093	erm(37)	23S rRNA (adenine(2058)-N(6))-methyltransferase Erm(37)	core	AMR	AMR	LINCOSAMIDE/MACROLIDE	AZITHROMYCIN/CLARITHROMYCIN/CLINDAMYCIN/ERYTHROMYCIN/TELITHROMYCIN	PARTIALP	150	179	83.80	99.33	150	WP_003900446.1	23S rRNA (adenine(2058)-N(6))-methyltransferase Erm(37)	NA	NA
DDJPKCBF_02182	blaC	class A beta-lactamase BlaC	core	AMR	AMR	BETA-LACTAM	BETA-LACTAM	EXACTP	307	307	100.00	100.00	307	WP_003410677.1	class A beta-lactamase BlaC	NF041154.1	class A beta-lactamase BlaC
DFFLMDJD_00291	aac(2')-Ic	aminoglycoside N-acetyltransferase AAC(2')-Ic	core	AMR	AMR	AMINOGLYCOSIDE	GENTAMICIN/TOBRAMYCIN	EXACTP	181	181	100.00	100.00	181	WP_003899880.1	aminoglycoside N-acetyltransferase AAC(2')-Ic	NF000034.1	aminoglycoside N-acetyltransferase AAC(2')-Ic
DFFLMDJD_02154	erm(37)	23S rRNA (adenine(2058)-N(6))-methyltransferase Erm(37)	core	AMR	AMR	LINCOSAMIDE/MACROLIDE	AZITHROMYCIN/CLARITHROMYCIN/CLINDAMYCIN/ERYTHROMYCIN/TELITHROMYCIN	PARTIALP	150	179	83.80	99.33	150	WP_003900446.1	23S rRNA (adenine(2058)-N(6))-methyltransferase Erm(37)	NA	NA
DFFLMDJD_02155	erm(37)	23S rRNA (adenine(2058)-N(6))-methyltransferase Erm(37)	core	AMR	AMR	LINCOSAMIDE/MACROLIDE	AZITHROMYCIN/CLARITHROMYCIN/CLINDAMYCIN/ERYTHROMYCIN/TELITHROMYCIN	PARTIALP	150	179	83.80	99.33	150	WP_003900446.1	23S rRNA (adenine(2058)-N(6))-methyltransferase Erm(37)	NA	NA
DFFLMDJD_02249	blaC	class A beta-lactamase BlaC	core	AMR	AMR	BETA-LACTAM	BETA-LACTAM	EXACTP	307	307	100.00	100.00	307	WP_003410677.1	class A beta-lactamase BlaC	NF041154.1	class A beta-lactamase BlaC
DHAFIALN_00284	aac(2')-Ic	aminoglycoside N-acetyltransferase AAC(2')-Ic	core	AMR	AMR	AMINOGLYCOSIDE	GENTAMICIN/TOBRAMYCIN	EXACTP	181	181	100.00	100.00	181	WP_003899880.1	aminoglycoside N-acetyltransferase AAC(2')-Ic	NF000034.1	aminoglycoside N-acetyltransferase AAC(2')-Ic
DHAFIALN_02110	erm(37)	23S rRNA (adenine(2058)-N(6))-methyltransferase Erm(37)	core	AMR	AMR	LINCOSAMIDE/MACROLIDE	AZITHROMYCIN/CLARITHROMYCIN/CLINDAMYCIN/ERYTHROMYCIN/TELITHROMYCIN	PARTIALP	150	179	83.80	99.33	150	WP_003900446.1	23S rRNA (adenine(2058)-N(6))-methyltransferase Erm(37)	NA	NA
DHAFIALN_02208	blaC	class A beta-lactamase BlaC	core	AMR	AMR	BETA-LACTAM	BETA-LACTAM	EXACTP	307	307	100.00	100.00	307	WP_003410677.1	class A beta-lactamase BlaC	NF041154.1	class A beta-lactamase BlaC
DKCFELKJ_00285	aac(2')-Ic	aminoglycoside N-acetyltransferase AAC(2')-Ic	core	AMR	AMR	AMINOGLYCOSIDE	GENTAMICIN/TOBRAMYCIN	EXACTP	181	181	100.00	100.00	181	WP_003899880.1	aminoglycoside N-acetyltransferase AAC(2')-Ic	NF000034.1	aminoglycoside N-acetyltransferase AAC(2')-Ic
DKCFELKJ_02123	erm(37)	23S rRNA (adenine(2058)-N(6))-methyltransferase Erm(37)	core	AMR	AMR	LINCOSAMIDE/MACROLIDE	AZITHROMYCIN/CLARITHROMYCIN/CLINDAMYCIN/ERYTHROMYCIN/TELITHROMYCIN	PARTIALP	150	179	83.80	99.33	150	WP_003900446.1	23S rRNA (adenine(2058)-N(6))-methyltransferase Erm(37)	NA	NA
DKCFELKJ_02213	blaC	class A beta-lactamase BlaC	core	AMR	AMR	BETA-LACTAM	BETA-LACTAM	EXACTP	307	307	100.00	100.00	307	WP_003410677.1	class A beta-lactamase BlaC	NF041154.1	class A beta-lactamase BlaC
DKMMCECJ_00283	aac(2')-Ic	aminoglycoside N-acetyltransferase AAC(2')-Ic	core	AMR	AMR	AMINOGLYCOSIDE	GENTAMICIN/TOBRAMYCIN	EXACTP	181	181	100.00	100.00	181	WP_003899880.1	aminoglycoside N-acetyltransferase AAC(2')-Ic	NF000034.1	aminoglycoside N-acetyltransferase AAC(2')-Ic
DKMMCECJ_02099	erm(37)	23S rRNA (adenine(2058)-N(6))-methyltransferase Erm(37)	core	AMR	AMR	LINCOSAMIDE/MACROLIDE	AZITHROMYCIN/CLARITHROMYCIN/CLINDAMYCIN/ERYTHROMYCIN/TELITHROMYCIN	PARTIALP	150	179	83.80	99.33	150	WP_003900446.1	23S rRNA (adenine(2058)-N(6))-methyltransferase Erm(37)	NA	NA
DKMMCECJ_02195	blaC	class A beta-lactamase BlaC	core	AMR	AMR	BETA-LACTAM	BETA-LACTAM	EXACTP	307	307	100.00	100.00	307	WP_003410677.1	class A beta-lactamase BlaC	NF041154.1	class A beta-lactamase BlaC
DLFODMON_00286	aac(2')-Ic	aminoglycoside N-acetyltransferase AAC(2')-Ic	core	AMR	AMR	AMINOGLYCOSIDE	GENTAMICIN/TOBRAMYCIN	EXACTP	181	181	100.00	100.00	181	WP_003899880.1	aminoglycoside N-acetyltransferase AAC(2')-Ic	NF000034.1	aminoglycoside N-acetyltransferase AAC(2')-Ic
DLFODMON_01880	erm(37)	23S rRNA (adenine(2058)-N(6))-methyltransferase Erm(37)	core	AMR	AMR	LINCOSAMIDE/MACROLIDE	AZITHROMYCIN/CLARITHROMYCIN/CLINDAMYCIN/ERYTHROMYCIN/TELITHROMYCIN	PARTIALP	150	179	83.80	99.33	150	WP_003900446.1	23S rRNA (adenine(2058)-N(6))-methyltransferase Erm(37)	NA	NA
DLFODMON_01976	blaC	class A beta-lactamase BlaC	core	AMR	AMR	BETA-LACTAM	BETA-LACTAM	EXACTP	307	307	100.00	100.00	307	WP_003410677.1	class A beta-lactamase BlaC	NF041154.1	class A beta-lactamase BlaC
DMKLHDIE_00286	aac(2')-Ic	aminoglycoside N-acetyltransferase AAC(2')-Ic	core	AMR	AMR	AMINOGLYCOSIDE	GENTAMICIN/TOBRAMYCIN	EXACTP	181	181	100.00	100.00	181	WP_003899880.1	aminoglycoside N-acetyltransferase AAC(2')-Ic	NF000034.1	aminoglycoside N-acetyltransferase AAC(2')-Ic
DMKLHDIE_02110	erm(37)	23S rRNA (adenine(2058)-N(6))-methyltransferase Erm(37)	core	AMR	AMR	LINCOSAMIDE/MACROLIDE	AZITHROMYCIN/CLARITHROMYCIN/CLINDAMYCIN/ERYTHROMYCIN/TELITHROMYCIN	PARTIALP	150	179	83.80	98.67	150	WP_003900446.1	23S rRNA (adenine(2058)-N(6))-methyltransferase Erm(37)	NA	NA
DMKLHDIE_02199	blaC	class A beta-lactamase BlaC	core	AMR	AMR	BETA-LACTAM	BETA-LACTAM	EXACTP	307	307	100.00	100.00	307	WP_003410677.1	class A beta-lactamase BlaC	NF041154.1	class A beta-lactamase BlaC
EFCBELLD_00285	aac(2')-Ic	aminoglycoside N-acetyltransferase AAC(2')-Ic	core	AMR	AMR	AMINOGLYCOSIDE	GENTAMICIN/TOBRAMYCIN	EXACTP	181	181	100.00	100.00	181	WP_003899880.1	aminoglycoside N-acetyltransferase AAC(2')-Ic	NF000034.1	aminoglycoside N-acetyltransferase AAC(2')-Ic
EFCBELLD_02109	erm(37)	23S rRNA (adenine(2058)-N(6))-methyltransferase Erm(37)	core	AMR	AMR	LINCOSAMIDE/MACROLIDE	AZITHROMYCIN/CLARITHROMYCIN/CLINDAMYCIN/ERYTHROMYCIN/TELITHROMYCIN	PARTIALP	150	179	83.80	98.67	150	WP_003900446.1	23S rRNA (adenine(2058)-N(6))-methyltransferase Erm(37)	NA	NA
EFCBELLD_02204	blaC	class A beta-lactamase BlaC	core	AMR	AMR	BETA-LACTAM	BETA-LACTAM	EXACTP	307	307	100.00	100.00	307	WP_003410677.1	class A beta-lactamase BlaC	NF041154.1	class A beta-lactamase BlaC
EGOJBJBH_00288	aac(2')-Ic	aminoglycoside N-acetyltransferase AAC(2')-Ic	core	AMR	AMR	AMINOGLYCOSIDE	GENTAMICIN/TOBRAMYCIN	EXACTP	181	181	100.00	100.00	181	WP_003899880.1	aminoglycoside N-acetyltransferase AAC(2')-Ic	NF000034.1	aminoglycoside N-acetyltransferase AAC(2')-Ic
EGOJBJBH_02139	erm(37)	23S rRNA (adenine(2058)-N(6))-methyltransferase Erm(37)	core	AMR	AMR	LINCOSAMIDE/MACROLIDE	AZITHROMYCIN/CLARITHROMYCIN/CLINDAMYCIN/ERYTHROMYCIN/TELITHROMYCIN	PARTIALP	150	179	83.80	99.33	150	WP_003900446.1	23S rRNA (adenine(2058)-N(6))-methyltransferase Erm(37)	NA	NA
EGOJBJBH_02230	blaC	class A beta-lactamase BlaC	core	AMR	AMR	BETA-LACTAM	BETA-LACTAM	EXACTP	307	307	100.00	100.00	307	WP_003410677.1	class A beta-lactamase BlaC	NF041154.1	class A beta-lactamase BlaC
EJHPOOMH_00285	aac(2')-Ic	aminoglycoside N-acetyltransferase AAC(2')-Ic	core	AMR	AMR	AMINOGLYCOSIDE	GENTAMICIN/TOBRAMYCIN	EXACTP	181	181	100.00	100.00	181	WP_003899880.1	aminoglycoside N-acetyltransferase AAC(2')-Ic	NF000034.1	aminoglycoside N-acetyltransferase AAC(2')-Ic
EJHPOOMH_02117	erm(37)	23S rRNA (adenine(2058)-N(6))-methyltransferase Erm(37)	core	AMR	AMR	LINCOSAMIDE/MACROLIDE	AZITHROMYCIN/CLARITHROMYCIN/CLINDAMYCIN/ERYTHROMYCIN/TELITHROMYCIN	PARTIALP	150	179	83.80	99.33	150	WP_003900446.1	23S rRNA (adenine(2058)-N(6))-methyltransferase Erm(37)	NA	NA
EJHPOOMH_02213	blaC	class A beta-lactamase BlaC	core	AMR	AMR	BETA-LACTAM	BETA-LACTAM	EXACTP	307	307	100.00	100.00	307	WP_003410677.1	class A beta-lactamase BlaC	NF041154.1	class A beta-lactamase BlaC
EMKAACBH_00285	aac(2')-Ic	aminoglycoside N-acetyltransferase AAC(2')-Ic	core	AMR	AMR	AMINOGLYCOSIDE	GENTAMICIN/TOBRAMYCIN	EXACTP	181	181	100.00	100.00	181	WP_003899880.1	aminoglycoside N-acetyltransferase AAC(2')-Ic	NF000034.1	aminoglycoside N-acetyltransferase AAC(2')-Ic
EMKAACBH_02118	erm(37)	23S rRNA (adenine(2058)-N(6))-methyltransferase Erm(37)	core	AMR	AMR	LINCOSAMIDE/MACROLIDE	AZITHROMYCIN/CLARITHROMYCIN/CLINDAMYCIN/ERYTHROMYCIN/TELITHROMYCIN	PARTIALP	150	179	83.80	99.33	150	WP_003900446.1	23S rRNA (adenine(2058)-N(6))-methyltransferase Erm(37)	NA	NA
EMKAACBH_02214	blaC	class A beta-lactamase BlaC	core	AMR	AMR	BETA-LACTAM	BETA-LACTAM	EXACTP	307	307	100.00	100.00	307	WP_003410677.1	class A beta-lactamase BlaC	NF041154.1	class A beta-lactamase BlaC
FBHALMDJ_00283	aac(2')-Ic	aminoglycoside N-acetyltransferase AAC(2')-Ic	core	AMR	AMR	AMINOGLYCOSIDE	GENTAMICIN/TOBRAMYCIN	EXACTP	181	181	100.00	100.00	181	WP_003899880.1	aminoglycoside N-acetyltransferase AAC(2')-Ic	NF000034.1	aminoglycoside N-acetyltransferase AAC(2')-Ic
FBHALMDJ_02105	erm(37)	23S rRNA (adenine(2058)-N(6))-methyltransferase Erm(37)	core	AMR	AMR	LINCOSAMIDE/MACROLIDE	AZITHROMYCIN/CLARITHROMYCIN/CLINDAMYCIN/ERYTHROMYCIN/TELITHROMYCIN	PARTIALP	150	179	83.80	99.33	150	WP_003900446.1	23S rRNA (adenine(2058)-N(6))-methyltransferase Erm(37)	NA	NA
FBHALMDJ_02192	blaC	class A beta-lactamase BlaC	core	AMR	AMR	BETA-LACTAM	BETA-LACTAM	EXACTP	307	307	100.00	100.00	307	WP_003410677.1	class A beta-lactamase BlaC	NF041154.1	class A beta-lactamase BlaC
FBJMGFMJ_00284	aac(2')-Ic	aminoglycoside N-acetyltransferase AAC(2')-Ic	core	AMR	AMR	AMINOGLYCOSIDE	GENTAMICIN/TOBRAMYCIN	EXACTP	181	181	100.00	100.00	181	WP_003899880.1	aminoglycoside N-acetyltransferase AAC(2')-Ic	NF000034.1	aminoglycoside N-acetyltransferase AAC(2')-Ic
FBJMGFMJ_02159	erm(37)	23S rRNA (adenine(2058)-N(6))-methyltransferase Erm(37)	core	AMR	AMR	LINCOSAMIDE/MACROLIDE	AZITHROMYCIN/CLARITHROMYCIN/CLINDAMYCIN/ERYTHROMYCIN/TELITHROMYCIN	PARTIALP	150	179	83.80	99.33	150	WP_003900446.1	23S rRNA (adenine(2058)-N(6))-methyltransferase Erm(37)	NA	NA
FBJMGFMJ_02256	blaC	class A beta-lactamase BlaC	core	AMR	AMR	BETA-LACTAM	BETA-LACTAM	EXACTP	307	307	100.00	100.00	307	WP_003410677.1	class A beta-lactamase BlaC	NF041154.1	class A beta-lactamase BlaC
FLICFGJN_00290	aac(2')-Ic	aminoglycoside N-acetyltransferase AAC(2')-Ic	core	AMR	AMR	AMINOGLYCOSIDE	GENTAMICIN/TOBRAMYCIN	EXACTP	181	181	100.00	100.00	181	WP_003899880.1	aminoglycoside N-acetyltransferase AAC(2')-Ic	NF000034.1	aminoglycoside N-acetyltransferase AAC(2')-Ic
FLICFGJN_02140	erm(37)	23S rRNA (adenine(2058)-N(6))-methyltransferase Erm(37)	core	AMR	AMR	LINCOSAMIDE/MACROLIDE	AZITHROMYCIN/CLARITHROMYCIN/CLINDAMYCIN/ERYTHROMYCIN/TELITHROMYCIN	PARTIALP	150	179	83.80	99.33	150	WP_003900446.1	23S rRNA (adenine(2058)-N(6))-methyltransferase Erm(37)	NA	NA
FLICFGJN_02230	blaC	class A beta-lactamase BlaC	core	AMR	AMR	BETA-LACTAM	BETA-LACTAM	EXACTP	307	307	100.00	100.00	307	WP_003410677.1	class A beta-lactamase BlaC	NF041154.1	class A beta-lactamase BlaC
FLINEJNJ_00292	aac(2')-Ic	aminoglycoside N-acetyltransferase AAC(2')-Ic	core	AMR	AMR	AMINOGLYCOSIDE	GENTAMICIN/TOBRAMYCIN	EXACTP	181	181	100.00	100.00	181	WP_003899880.1	aminoglycoside N-acetyltransferase AAC(2')-Ic	NF000034.1	aminoglycoside N-acetyltransferase AAC(2')-Ic
FLINEJNJ_02146	erm(37)	23S rRNA (adenine(2058)-N(6))-methyltransferase Erm(37)	core	AMR	AMR	LINCOSAMIDE/MACROLIDE	AZITHROMYCIN/CLARITHROMYCIN/CLINDAMYCIN/ERYTHROMYCIN/TELITHROMYCIN	PARTIALP	150	179	83.80	99.33	150	WP_003900446.1	23S rRNA (adenine(2058)-N(6))-methyltransferase Erm(37)	NA	NA
FLINEJNJ_02239	blaC	class A beta-lactamase BlaC	core	AMR	AMR	BETA-LACTAM	BETA-LACTAM	EXACTP	307	307	100.00	100.00	307	WP_003410677.1	class A beta-lactamase BlaC	NF041154.1	class A beta-lactamase BlaC
FPIEBKJD_00286	aac(2')-Ic	aminoglycoside N-acetyltransferase AAC(2')-Ic	core	AMR	AMR	AMINOGLYCOSIDE	GENTAMICIN/TOBRAMYCIN	EXACTP	181	181	100.00	100.00	181	WP_003899880.1	aminoglycoside N-acetyltransferase AAC(2')-Ic	NF000034.1	aminoglycoside N-acetyltransferase AAC(2')-Ic
FPIEBKJD_01880	erm(37)	23S rRNA (adenine(2058)-N(6))-methyltransferase Erm(37)	core	AMR	AMR	LINCOSAMIDE/MACROLIDE	AZITHROMYCIN/CLARITHROMYCIN/CLINDAMYCIN/ERYTHROMYCIN/TELITHROMYCIN	PARTIALP	150	179	83.80	99.33	150	WP_003900446.1	23S rRNA (adenine(2058)-N(6))-methyltransferase Erm(37)	NA	NA
FPIEBKJD_01979	blaC	class A beta-lactamase BlaC	core	AMR	AMR	BETA-LACTAM	BETA-LACTAM	EXACTP	307	307	100.00	100.00	307	WP_003410677.1	class A beta-lactamase BlaC	NF041154.1	class A beta-lactamase BlaC
GAJFOMEB_01112	erm(37)	23S rRNA (adenine(2058)-N(6))-methyltransferase Erm(37)	core	AMR	AMR	LINCOSAMIDE/MACROLIDE	AZITHROMYCIN/CLARITHROMYCIN/CLINDAMYCIN/ERYTHROMYCIN/TELITHROMYCIN	PARTIALP	150	179	83.80	99.33	150	WP_003900446.1	23S rRNA (adenine(2058)-N(6))-methyltransferase Erm(37)	NA	NA
GAJFOMEB_01200	blaC	class A beta-lactamase BlaC	core	AMR	AMR	BETA-LACTAM	BETA-LACTAM	EXACTP	307	307	100.00	100.00	307	WP_003410677.1	class A beta-lactamase BlaC	NF041154.1	class A beta-lactamase BlaC
GAJFOMEB_01625	aph(3')-Ia	aminoglycoside O-phosphotransferase APH(3')-Ia	core	AMR	AMR	AMINOGLYCOSIDE	KANAMYCIN	BLASTP	271	271	100.00	99.26	271	WP_000018329.1	aminoglycoside O-phosphotransferase APH(3')-Ia	NF033059.2	APH(3')-I family aminoglycoside O-phosphotransferase
GAJFOMEB_03472	aac(2')-Ic	aminoglycoside N-acetyltransferase AAC(2')-Ic	core	AMR	AMR	AMINOGLYCOSIDE	GENTAMICIN/TOBRAMYCIN	EXACTP	181	181	100.00	100.00	181	WP_003899880.1	aminoglycoside N-acetyltransferase AAC(2')-Ic	NF000034.1	aminoglycoside N-acetyltransferase AAC(2')-Ic
GIAKGKPA_00290	aac(2')-Ic	aminoglycoside N-acetyltransferase AAC(2')-Ic	core	AMR	AMR	AMINOGLYCOSIDE	GENTAMICIN/TOBRAMYCIN	EXACTP	181	181	100.00	100.00	181	WP_003899880.1	aminoglycoside N-acetyltransferase AAC(2')-Ic	NF000034.1	aminoglycoside N-acetyltransferase AAC(2')-Ic
GIAKGKPA_02196	blaC	class A beta-lactamase BlaC	core	AMR	AMR	BETA-LACTAM	BETA-LACTAM	EXACTP	307	307	100.00	100.00	307	WP_003410677.1	class A beta-lactamase BlaC	NF041154.1	class A beta-lactamase BlaC
GNKEAEGH_00287	aac(2')-Ic	aminoglycoside N-acetyltransferase AAC(2')-Ic	core	AMR	AMR	AMINOGLYCOSIDE	GENTAMICIN/TOBRAMYCIN	EXACTP	181	181	100.00	100.00	181	WP_003899880.1	aminoglycoside N-acetyltransferase AAC(2')-Ic	NF000034.1	aminoglycoside N-acetyltransferase AAC(2')-Ic
GNKEAEGH_02098	erm(37)	23S rRNA (adenine(2058)-N(6))-methyltransferase Erm(37)	core	AMR	AMR	LINCOSAMIDE/MACROLIDE	AZITHROMYCIN/CLARITHROMYCIN/CLINDAMYCIN/ERYTHROMYCIN/TELITHROMYCIN	PARTIALP	150	179	83.80	99.33	150	WP_003900446.1	23S rRNA (adenine(2058)-N(6))-methyltransferase Erm(37)	NA	NA
GNKEAEGH_02188	blaC	class A beta-lactamase BlaC	core	AMR	AMR	BETA-LACTAM	BETA-LACTAM	EXACTP	307	307	100.00	100.00	307	WP_003410677.1	class A beta-lactamase BlaC	NF041154.1	class A beta-lactamase BlaC
GOCMCHMO_00283	aac(2')-Ic	aminoglycoside N-acetyltransferase AAC(2')-Ic	core	AMR	AMR	AMINOGLYCOSIDE	GENTAMICIN/TOBRAMYCIN	EXACTP	181	181	100.00	100.00	181	WP_003899880.1	aminoglycoside N-acetyltransferase AAC(2')-Ic	NF000034.1	aminoglycoside N-acetyltransferase AAC(2')-Ic
GOCMCHMO_02101	erm(37)	23S rRNA (adenine(2058)-N(6))-methyltransferase Erm(37)	core	AMR	AMR	LINCOSAMIDE/MACROLIDE	AZITHROMYCIN/CLARITHROMYCIN/CLINDAMYCIN/ERYTHROMYCIN/TELITHROMYCIN	PARTIALP	150	179	83.80	99.33	150	WP_003900446.1	23S rRNA (adenine(2058)-N(6))-methyltransferase Erm(37)	NA	NA
GOCMCHMO_02195	blaC	class A beta-lactamase BlaC	core	AMR	AMR	BETA-LACTAM	BETA-LACTAM	EXACTP	307	307	100.00	100.00	307	WP_003410677.1	class A beta-lactamase BlaC	NF041154.1	class A beta-lactamase BlaC
HBIMGLND_00288	aac(2')-Ic	aminoglycoside N-acetyltransferase AAC(2')-Ic	core	AMR	AMR	AMINOGLYCOSIDE	GENTAMICIN/TOBRAMYCIN	EXACTP	181	181	100.00	100.00	181	WP_003899880.1	aminoglycoside N-acetyltransferase AAC(2')-Ic	NF000034.1	aminoglycoside N-acetyltransferase AAC(2')-Ic
HBIMGLND_02136	erm(37)	23S rRNA (adenine(2058)-N(6))-methyltransferase Erm(37)	core	AMR	AMR	LINCOSAMIDE/MACROLIDE	AZITHROMYCIN/CLARITHROMYCIN/CLINDAMYCIN/ERYTHROMYCIN/TELITHROMYCIN	PARTIALP	150	179	83.80	99.33	150	WP_003900446.1	23S rRNA (adenine(2058)-N(6))-methyltransferase Erm(37)	NA	NA
HBIMGLND_02226	blaC	class A beta-lactamase BlaC	core	AMR	AMR	BETA-LACTAM	BETA-LACTAM	EXACTP	307	307	100.00	100.00	307	WP_003410677.1	class A beta-lactamase BlaC	NF041154.1	class A beta-lactamase BlaC
HELMKAPL_01392	erm(37)	23S rRNA (adenine(2058)-N(6))-methyltransferase Erm(37)	core	AMR	AMR	LINCOSAMIDE/MACROLIDE	AZITHROMYCIN/CLARITHROMYCIN/CLINDAMYCIN/ERYTHROMYCIN/TELITHROMYCIN	PARTIALP	150	179	83.80	99.33	150	WP_003900446.1	23S rRNA (adenine(2058)-N(6))-methyltransferase Erm(37)	NA	NA
HELMKAPL_01485	blaC	class A beta-lactamase BlaC	core	AMR	AMR	BETA-LACTAM	BETA-LACTAM	EXACTP	307	307	100.00	100.00	307	WP_003410677.1	class A beta-lactamase BlaC	NF041154.1	class A beta-lactamase BlaC
HELMKAPL_03900	aac(2')-Ic	aminoglycoside N-acetyltransferase AAC(2')-Ic	core	AMR	AMR	AMINOGLYCOSIDE	GENTAMICIN/TOBRAMYCIN	EXACTP	181	181	100.00	100.00	181	WP_003899880.1	aminoglycoside N-acetyltransferase AAC(2')-Ic	NF000034.1	aminoglycoside N-acetyltransferase AAC(2')-Ic
HFFFBPOA_00294	aac(2')-Ic	aminoglycoside N-acetyltransferase AAC(2')-Ic	core	AMR	AMR	AMINOGLYCOSIDE	GENTAMICIN/TOBRAMYCIN	EXACTP	181	181	100.00	100.00	181	WP_003899880.1	aminoglycoside N-acetyltransferase AAC(2')-Ic	NF000034.1	aminoglycoside N-acetyltransferase AAC(2')-Ic
HFFFBPOA_02151	erm(37)	23S rRNA (adenine(2058)-N(6))-methyltransferase Erm(37)	core	AMR	AMR	LINCOSAMIDE/MACROLIDE	AZITHROMYCIN/CLARITHROMYCIN/CLINDAMYCIN/ERYTHROMYCIN/TELITHROMYCIN	PARTIALP	150	179	83.80	99.33	150	WP_003900446.1	23S rRNA (adenine(2058)-N(6))-methyltransferase Erm(37)	NA	NA
HFFFBPOA_02243	blaC	class A beta-lactamase BlaC	core	AMR	AMR	BETA-LACTAM	BETA-LACTAM	EXACTP	307	307	100.00	100.00	307	WP_003410677.1	class A beta-lactamase BlaC	NF041154.1	class A beta-lactamase BlaC
HKHJJIGH_00289	aac(2')-Ic	aminoglycoside N-acetyltransferase AAC(2')-Ic	core	AMR	AMR	AMINOGLYCOSIDE	GENTAMICIN/TOBRAMYCIN	EXACTP	181	181	100.00	100.00	181	WP_003899880.1	aminoglycoside N-acetyltransferase AAC(2')-Ic	NF000034.1	aminoglycoside N-acetyltransferase AAC(2')-Ic
HKHJJIGH_02201	blaC	class A beta-lactamase BlaC	core	AMR	AMR	BETA-LACTAM	BETA-LACTAM	EXACTP	307	307	100.00	100.00	307	WP_003410677.1	class A beta-lactamase BlaC	NF041154.1	class A beta-lactamase BlaC
HKPOOCIF_00286	aac(2')-Ic	aminoglycoside N-acetyltransferase AAC(2')-Ic	core	AMR	AMR	AMINOGLYCOSIDE	GENTAMICIN/TOBRAMYCIN	EXACTP	181	181	100.00	100.00	181	WP_003899880.1	aminoglycoside N-acetyltransferase AAC(2')-Ic	NF000034.1	aminoglycoside N-acetyltransferase AAC(2')-Ic
HKPOOCIF_02115	erm(37)	23S rRNA (adenine(2058)-N(6))-methyltransferase Erm(37)	core	AMR	AMR	LINCOSAMIDE/MACROLIDE	AZITHROMYCIN/CLARITHROMYCIN/CLINDAMYCIN/ERYTHROMYCIN/TELITHROMYCIN	PARTIALP	150	179	83.80	99.33	150	WP_003900446.1	23S rRNA (adenine(2058)-N(6))-methyltransferase Erm(37)	NA	NA
HKPOOCIF_02205	blaC	class A beta-lactamase BlaC	core	AMR	AMR	BETA-LACTAM	BETA-LACTAM	EXACTP	307	307	100.00	100.00	307	WP_003410677.1	class A beta-lactamase BlaC	NF041154.1	class A beta-lactamase BlaC
HOEOPMLG_00285	aac(2')-Ic	aminoglycoside N-acetyltransferase AAC(2')-Ic	core	AMR	AMR	AMINOGLYCOSIDE	GENTAMICIN/TOBRAMYCIN	EXACTP	181	181	100.00	100.00	181	WP_003899880.1	aminoglycoside N-acetyltransferase AAC(2')-Ic	NF000034.1	aminoglycoside N-acetyltransferase AAC(2')-Ic
HOEOPMLG_02128	erm(37)	23S rRNA (adenine(2058)-N(6))-methyltransferase Erm(37)	core	AMR	AMR	LINCOSAMIDE/MACROLIDE	AZITHROMYCIN/CLARITHROMYCIN/CLINDAMYCIN/ERYTHROMYCIN/TELITHROMYCIN	PARTIALP	150	179	83.80	99.33	150	WP_003900446.1	23S rRNA (adenine(2058)-N(6))-methyltransferase Erm(37)	NA	NA
HOEOPMLG_02221	blaC	class A beta-lactamase BlaC	core	AMR	AMR	BETA-LACTAM	BETA-LACTAM	EXACTP	307	307	100.00	100.00	307	WP_003410677.1	class A beta-lactamase BlaC	NF041154.1	class A beta-lactamase BlaC
HOGEOELJ_01472	blaC	class A beta-lactamase BlaC	core	AMR	AMR	BETA-LACTAM	BETA-LACTAM	EXACTP	307	307	100.00	100.00	307	WP_003410677.1	class A beta-lactamase BlaC	NF041154.1	class A beta-lactamase BlaC
HOGEOELJ_01562	erm(37)	23S rRNA (adenine(2058)-N(6))-methyltransferase Erm(37)	core	AMR	AMR	LINCOSAMIDE/MACROLIDE	AZITHROMYCIN/CLARITHROMYCIN/CLINDAMYCIN/ERYTHROMYCIN/TELITHROMYCIN	PARTIALP	150	179	83.80	98.67	150	WP_003900446.1	23S rRNA (adenine(2058)-N(6))-methyltransferase Erm(37)	NA	NA
HOGEOELJ_03388	aac(2')-Ic	aminoglycoside N-acetyltransferase AAC(2')-Ic	core	AMR	AMR	AMINOGLYCOSIDE	GENTAMICIN/TOBRAMYCIN	EXACTP	181	181	100.00	100.00	181	WP_003899880.1	aminoglycoside N-acetyltransferase AAC(2')-Ic	NF000034.1	aminoglycoside N-acetyltransferase AAC(2')-Ic
HPMHOAJK_00291	aac(2')-Ic	aminoglycoside N-acetyltransferase AAC(2')-Ic	core	AMR	AMR	AMINOGLYCOSIDE	GENTAMICIN/TOBRAMYCIN	EXACTP	181	181	100.00	100.00	181	WP_003899880.1	aminoglycoside N-acetyltransferase AAC(2')-Ic	NF000034.1	aminoglycoside N-acetyltransferase AAC(2')-Ic
HPMHOAJK_02199	blaC	class A beta-lactamase BlaC	core	AMR	AMR	BETA-LACTAM	BETA-LACTAM	EXACTP	307	307	100.00	100.00	307	WP_003410677.1	class A beta-lactamase BlaC	NF041154.1	class A beta-lactamase BlaC
IFPPMJKG_00286	aac(2')-Ic	aminoglycoside N-acetyltransferase AAC(2')-Ic	core	AMR	AMR	AMINOGLYCOSIDE	GENTAMICIN/TOBRAMYCIN	EXACTP	181	181	100.00	100.00	181	WP_003899880.1	aminoglycoside N-acetyltransferase AAC(2')-Ic	NF000034.1	aminoglycoside N-acetyltransferase AAC(2')-Ic
IFPPMJKG_02114	erm(37)	23S rRNA (adenine(2058)-N(6))-methyltransferase Erm(37)	core	AMR	AMR	LINCOSAMIDE/MACROLIDE	AZITHROMYCIN/CLARITHROMYCIN/CLINDAMYCIN/ERYTHROMYCIN/TELITHROMYCIN	PARTIALP	150	179	83.80	99.33	150	WP_003900446.1	23S rRNA (adenine(2058)-N(6))-methyltransferase Erm(37)	NA	NA
IFPPMJKG_02203	blaC	class A beta-lactamase BlaC	core	AMR	AMR	BETA-LACTAM	BETA-LACTAM	EXACTP	307	307	100.00	100.00	307	WP_003410677.1	class A beta-lactamase BlaC	NF041154.1	class A beta-lactamase BlaC
IJADICLE_00281	aac(2')-Ic	aminoglycoside N-acetyltransferase AAC(2')-Ic	core	AMR	AMR	AMINOGLYCOSIDE	GENTAMICIN/TOBRAMYCIN	EXACTP	181	181	100.00	100.00	181	WP_003899880.1	aminoglycoside N-acetyltransferase AAC(2')-Ic	NF000034.1	aminoglycoside N-acetyltransferase AAC(2')-Ic
IJADICLE_02113	erm(37)	23S rRNA (adenine(2058)-N(6))-methyltransferase Erm(37)	core	AMR	AMR	LINCOSAMIDE/MACROLIDE	AZITHROMYCIN/CLARITHROMYCIN/CLINDAMYCIN/ERYTHROMYCIN/TELITHROMYCIN	PARTIALP	150	179	83.80	99.33	150	WP_003900446.1	23S rRNA (adenine(2058)-N(6))-methyltransferase Erm(37)	NA	NA
IJADICLE_02205	blaC	class A beta-lactamase BlaC	core	AMR	AMR	BETA-LACTAM	BETA-LACTAM	EXACTP	307	307	100.00	100.00	307	WP_003410677.1	class A beta-lactamase BlaC	NF041154.1	class A beta-lactamase BlaC
IKKLELMD_00285	aac(2')-Ic	aminoglycoside N-acetyltransferase AAC(2')-Ic	core	AMR	AMR	AMINOGLYCOSIDE	GENTAMICIN/TOBRAMYCIN	EXACTP	181	181	100.00	100.00	181	WP_003899880.1	aminoglycoside N-acetyltransferase AAC(2')-Ic	NF000034.1	aminoglycoside N-acetyltransferase AAC(2')-Ic
IKKLELMD_02122	erm(37)	23S rRNA (adenine(2058)-N(6))-methyltransferase Erm(37)	core	AMR	AMR	LINCOSAMIDE/MACROLIDE	AZITHROMYCIN/CLARITHROMYCIN/CLINDAMYCIN/ERYTHROMYCIN/TELITHROMYCIN	PARTIALP	150	179	83.80	99.33	150	WP_003900446.1	23S rRNA (adenine(2058)-N(6))-methyltransferase Erm(37)	NA	NA
IKKLELMD_02212	blaC	class A beta-lactamase BlaC	core	AMR	AMR	BETA-LACTAM	BETA-LACTAM	EXACTP	307	307	100.00	100.00	307	WP_003410677.1	class A beta-lactamase BlaC	NF041154.1	class A beta-lactamase BlaC
IMBKKCAA_00286	aac(2')-Ic	aminoglycoside N-acetyltransferase AAC(2')-Ic	core	AMR	AMR	AMINOGLYCOSIDE	GENTAMICIN/TOBRAMYCIN	EXACTP	181	181	100.00	100.00	181	WP_003899880.1	aminoglycoside N-acetyltransferase AAC(2')-Ic	NF000034.1	aminoglycoside N-acetyltransferase AAC(2')-Ic
IMBKKCAA_02093	erm(37)	23S rRNA (adenine(2058)-N(6))-methyltransferase Erm(37)	core	AMR	AMR	LINCOSAMIDE/MACROLIDE	AZITHROMYCIN/CLARITHROMYCIN/CLINDAMYCIN/ERYTHROMYCIN/TELITHROMYCIN	PARTIALP	150	179	83.80	99.33	150	WP_003900446.1	23S rRNA (adenine(2058)-N(6))-methyltransferase Erm(37)	NA	NA
IMBKKCAA_02183	blaC	class A beta-lactamase BlaC	core	AMR	AMR	BETA-LACTAM	BETA-LACTAM	EXACTP	307	307	100.00	100.00	307	WP_003410677.1	class A beta-lactamase BlaC	NF041154.1	class A beta-lactamase BlaC
INOEJNDB_00285	aac(2')-Ic	aminoglycoside N-acetyltransferase AAC(2')-Ic	core	AMR	AMR	AMINOGLYCOSIDE	GENTAMICIN/TOBRAMYCIN	EXACTP	181	181	100.00	100.00	181	WP_003899880.1	aminoglycoside N-acetyltransferase AAC(2')-Ic	NF000034.1	aminoglycoside N-acetyltransferase AAC(2')-Ic
INOEJNDB_02156	erm(37)	23S rRNA (adenine(2058)-N(6))-methyltransferase Erm(37)	core	AMR	AMR	LINCOSAMIDE/MACROLIDE	AZITHROMYCIN/CLARITHROMYCIN/CLINDAMYCIN/ERYTHROMYCIN/TELITHROMYCIN	PARTIALP	150	179	83.80	99.33	150	WP_003900446.1	23S rRNA (adenine(2058)-N(6))-methyltransferase Erm(37)	NA	NA
INOEJNDB_02243	blaC	class A beta-lactamase BlaC	core	AMR	AMR	BETA-LACTAM	BETA-LACTAM	EXACTP	307	307	100.00	100.00	307	WP_003410677.1	class A beta-lactamase BlaC	NF041154.1	class A beta-lactamase BlaC
JGPHANJM_00284	aac(2')-Ic	aminoglycoside N-acetyltransferase AAC(2')-Ic	core	AMR	AMR	AMINOGLYCOSIDE	GENTAMICIN/TOBRAMYCIN	EXACTP	181	181	100.00	100.00	181	WP_003899880.1	aminoglycoside N-acetyltransferase AAC(2')-Ic	NF000034.1	aminoglycoside N-acetyltransferase AAC(2')-Ic
JGPHANJM_02102	erm(37)	23S rRNA (adenine(2058)-N(6))-methyltransferase Erm(37)	core	AMR	AMR	LINCOSAMIDE/MACROLIDE	AZITHROMYCIN/CLARITHROMYCIN/CLINDAMYCIN/ERYTHROMYCIN/TELITHROMYCIN	PARTIALP	150	179	83.80	99.33	150	WP_003900446.1	23S rRNA (adenine(2058)-N(6))-methyltransferase Erm(37)	NA	NA
JGPHANJM_02192	blaC	class A beta-lactamase BlaC	core	AMR	AMR	BETA-LACTAM	BETA-LACTAM	EXACTP	307	307	100.00	100.00	307	WP_003410677.1	class A beta-lactamase BlaC	NF041154.1	class A beta-lactamase BlaC
JHJPIPHC_00284	aac(2')-Ic	aminoglycoside N-acetyltransferase AAC(2')-Ic	core	AMR	AMR	AMINOGLYCOSIDE	GENTAMICIN/TOBRAMYCIN	EXACTP	181	181	100.00	100.00	181	WP_003899880.1	aminoglycoside N-acetyltransferase AAC(2')-Ic	NF000034.1	aminoglycoside N-acetyltransferase AAC(2')-Ic
JHJPIPHC_02093	erm(37)	23S rRNA (adenine(2058)-N(6))-methyltransferase Erm(37)	core	AMR	AMR	LINCOSAMIDE/MACROLIDE	AZITHROMYCIN/CLARITHROMYCIN/CLINDAMYCIN/ERYTHROMYCIN/TELITHROMYCIN	PARTIALP	150	179	83.80	99.33	150	WP_003900446.1	23S rRNA (adenine(2058)-N(6))-methyltransferase Erm(37)	NA	NA
JHJPIPHC_02182	blaC	class A beta-lactamase BlaC	core	AMR	AMR	BETA-LACTAM	BETA-LACTAM	EXACTP	307	307	100.00	100.00	307	WP_003410677.1	class A beta-lactamase BlaC	NF041154.1	class A beta-lactamase BlaC
JLJEHIJC_00284	aac(2')-Ic	aminoglycoside N-acetyltransferase AAC(2')-Ic	core	AMR	AMR	AMINOGLYCOSIDE	GENTAMICIN/TOBRAMYCIN	EXACTP	181	181	100.00	100.00	181	WP_003899880.1	aminoglycoside N-acetyltransferase AAC(2')-Ic	NF000034.1	aminoglycoside N-acetyltransferase AAC(2')-Ic
JLJEHIJC_02089	erm(37)	23S rRNA (adenine(2058)-N(6))-methyltransferase Erm(37)	core	AMR	AMR	LINCOSAMIDE/MACROLIDE	AZITHROMYCIN/CLARITHROMYCIN/CLINDAMYCIN/ERYTHROMYCIN/TELITHROMYCIN	PARTIALP	150	179	83.80	99.33	150	WP_003900446.1	23S rRNA (adenine(2058)-N(6))-methyltransferase Erm(37)	NA	NA
JLJEHIJC_02183	blaC	class A beta-lactamase BlaC	core	AMR	AMR	BETA-LACTAM	BETA-LACTAM	EXACTP	307	307	100.00	100.00	307	WP_003410677.1	class A beta-lactamase BlaC	NF041154.1	class A beta-lactamase BlaC
JNKIHFPD_00286	aac(2')-Ic	aminoglycoside N-acetyltransferase AAC(2')-Ic	core	AMR	AMR	AMINOGLYCOSIDE	GENTAMICIN/TOBRAMYCIN	EXACTP	181	181	100.00	100.00	181	WP_003899880.1	aminoglycoside N-acetyltransferase AAC(2')-Ic	NF000034.1	aminoglycoside N-acetyltransferase AAC(2')-Ic
JNKIHFPD_02102	erm(37)	23S rRNA (adenine(2058)-N(6))-methyltransferase Erm(37)	core	AMR	AMR	LINCOSAMIDE/MACROLIDE	AZITHROMYCIN/CLARITHROMYCIN/CLINDAMYCIN/ERYTHROMYCIN/TELITHROMYCIN	PARTIALP	150	179	83.80	99.33	150	WP_003900446.1	23S rRNA (adenine(2058)-N(6))-methyltransferase Erm(37)	NA	NA
JNKIHFPD_02188	blaC	class A beta-lactamase BlaC	core	AMR	AMR	BETA-LACTAM	BETA-LACTAM	EXACTP	307	307	100.00	100.00	307	WP_003410677.1	class A beta-lactamase BlaC	NF041154.1	class A beta-lactamase BlaC
JPMHGPDM_00283	aac(2')-Ic	aminoglycoside N-acetyltransferase AAC(2')-Ic	core	AMR	AMR	AMINOGLYCOSIDE	GENTAMICIN/TOBRAMYCIN	EXACTP	181	181	100.00	100.00	181	WP_003899880.1	aminoglycoside N-acetyltransferase AAC(2')-Ic	NF000034.1	aminoglycoside N-acetyltransferase AAC(2')-Ic
JPMHGPDM_02124	erm(37)	23S rRNA (adenine(2058)-N(6))-methyltransferase Erm(37)	core	AMR	AMR	LINCOSAMIDE/MACROLIDE	AZITHROMYCIN/CLARITHROMYCIN/CLINDAMYCIN/ERYTHROMYCIN/TELITHROMYCIN	PARTIALP	150	179	83.80	99.33	150	WP_003900446.1	23S rRNA (adenine(2058)-N(6))-methyltransferase Erm(37)	NA	NA
JPMHGPDM_02208	blaC	class A beta-lactamase BlaC	core	AMR	AMR	BETA-LACTAM	BETA-LACTAM	EXACTP	307	307	100.00	100.00	307	WP_003410677.1	class A beta-lactamase BlaC	NF041154.1	class A beta-lactamase BlaC
KAAMKCFH_00278	aac(2')-Ic	aminoglycoside N-acetyltransferase AAC(2')-Ic	core	AMR	AMR	AMINOGLYCOSIDE	GENTAMICIN/TOBRAMYCIN	EXACTP	181	181	100.00	100.00	181	WP_003899880.1	aminoglycoside N-acetyltransferase AAC(2')-Ic	NF000034.1	aminoglycoside N-acetyltransferase AAC(2')-Ic
KAAMKCFH_02130	erm(37)	23S rRNA (adenine(2058)-N(6))-methyltransferase Erm(37)	core	AMR	AMR	LINCOSAMIDE/MACROLIDE	AZITHROMYCIN/CLARITHROMYCIN/CLINDAMYCIN/ERYTHROMYCIN/TELITHROMYCIN	PARTIALP	150	179	83.80	99.33	150	WP_003900446.1	23S rRNA (adenine(2058)-N(6))-methyltransferase Erm(37)	NA	NA
KAAMKCFH_02217	blaC	class A beta-lactamase BlaC	core	AMR	AMR	BETA-LACTAM	BETA-LACTAM	EXACTP	307	307	100.00	100.00	307	WP_003410677.1	class A beta-lactamase BlaC	NF041154.1	class A beta-lactamase BlaC
KCMNNCJE_00287	aac(2')-Ic	aminoglycoside N-acetyltransferase AAC(2')-Ic	core	AMR	AMR	AMINOGLYCOSIDE	GENTAMICIN/TOBRAMYCIN	EXACTP	181	181	100.00	100.00	181	WP_003899880.1	aminoglycoside N-acetyltransferase AAC(2')-Ic	NF000034.1	aminoglycoside N-acetyltransferase AAC(2')-Ic
KCMNNCJE_02113	erm(37)	23S rRNA (adenine(2058)-N(6))-methyltransferase Erm(37)	core	AMR	AMR	LINCOSAMIDE/MACROLIDE	AZITHROMYCIN/CLARITHROMYCIN/CLINDAMYCIN/ERYTHROMYCIN/TELITHROMYCIN	PARTIALP	150	179	83.80	99.33	150	WP_003900446.1	23S rRNA (adenine(2058)-N(6))-methyltransferase Erm(37)	NA	NA
KCMNNCJE_02203	blaC	class A beta-lactamase BlaC	core	AMR	AMR	BETA-LACTAM	BETA-LACTAM	EXACTP	307	307	100.00	100.00	307	WP_003410677.1	class A beta-lactamase BlaC	NF041154.1	class A beta-lactamase BlaC
KCMNNCJE_02612	aph(3')-Ia	aminoglycoside O-phosphotransferase APH(3')-Ia	core	AMR	AMR	AMINOGLYCOSIDE	KANAMYCIN	BLASTP	271	271	100.00	99.26	271	WP_000018329.1	aminoglycoside O-phosphotransferase APH(3')-Ia	NF033059.2	APH(3')-I family aminoglycoside O-phosphotransferase
KCNFFHNL_00282	aac(2')-Ic	aminoglycoside N-acetyltransferase AAC(2')-Ic	core	AMR	AMR	AMINOGLYCOSIDE	GENTAMICIN/TOBRAMYCIN	EXACTP	181	181	100.00	100.00	181	WP_003899880.1	aminoglycoside N-acetyltransferase AAC(2')-Ic	NF000034.1	aminoglycoside N-acetyltransferase AAC(2')-Ic
KCNFFHNL_02103	erm(37)	23S rRNA (adenine(2058)-N(6))-methyltransferase Erm(37)	core	AMR	AMR	LINCOSAMIDE/MACROLIDE	AZITHROMYCIN/CLARITHROMYCIN/CLINDAMYCIN/ERYTHROMYCIN/TELITHROMYCIN	PARTIALP	150	179	83.80	99.33	150	WP_003900446.1	23S rRNA (adenine(2058)-N(6))-methyltransferase Erm(37)	NA	NA
KCNFFHNL_02194	blaC	class A beta-lactamase BlaC	core	AMR	AMR	BETA-LACTAM	BETA-LACTAM	EXACTP	307	307	100.00	100.00	307	WP_003410677.1	class A beta-lactamase BlaC	NF041154.1	class A beta-lactamase BlaC
KIPNKFGG_00285	aac(2')-Ic	aminoglycoside N-acetyltransferase AAC(2')-Ic	core	AMR	AMR	AMINOGLYCOSIDE	GENTAMICIN/TOBRAMYCIN	EXACTP	181	181	100.00	100.00	181	WP_003899880.1	aminoglycoside N-acetyltransferase AAC(2')-Ic	NF000034.1	aminoglycoside N-acetyltransferase AAC(2')-Ic
KIPNKFGG_02124	erm(37)	23S rRNA (adenine(2058)-N(6))-methyltransferase Erm(37)	core	AMR	AMR	LINCOSAMIDE/MACROLIDE	AZITHROMYCIN/CLARITHROMYCIN/CLINDAMYCIN/ERYTHROMYCIN/TELITHROMYCIN	PARTIALP	150	179	83.80	99.33	150	WP_003900446.1	23S rRNA (adenine(2058)-N(6))-methyltransferase Erm(37)	NA	NA
KIPNKFGG_02214	blaC	class A beta-lactamase BlaC	core	AMR	AMR	BETA-LACTAM	BETA-LACTAM	EXACTP	307	307	100.00	100.00	307	WP_003410677.1	class A beta-lactamase BlaC	NF041154.1	class A beta-lactamase BlaC
KJDAIIDL_00282	aac(2')-Ic	aminoglycoside N-acetyltransferase AAC(2')-Ic	core	AMR	AMR	AMINOGLYCOSIDE	GENTAMICIN/TOBRAMYCIN	EXACTP	181	181	100.00	100.00	181	WP_003899880.1	aminoglycoside N-acetyltransferase AAC(2')-Ic	NF000034.1	aminoglycoside N-acetyltransferase AAC(2')-Ic
KJDAIIDL_02113	erm(37)	23S rRNA (adenine(2058)-N(6))-methyltransferase Erm(37)	core	AMR	AMR	LINCOSAMIDE/MACROLIDE	AZITHROMYCIN/CLARITHROMYCIN/CLINDAMYCIN/ERYTHROMYCIN/TELITHROMYCIN	PARTIALP	150	179	83.80	99.33	150	WP_003900446.1	23S rRNA (adenine(2058)-N(6))-methyltransferase Erm(37)	NA	NA
KJDAIIDL_02205	blaC	class A beta-lactamase BlaC	core	AMR	AMR	BETA-LACTAM	BETA-LACTAM	EXACTP	307	307	100.00	100.00	307	WP_003410677.1	class A beta-lactamase BlaC	NF041154.1	class A beta-lactamase BlaC
KLINIGGO_00285	aac(2')-Ic	aminoglycoside N-acetyltransferase AAC(2')-Ic	core	AMR	AMR	AMINOGLYCOSIDE	GENTAMICIN/TOBRAMYCIN	EXACTP	181	181	100.00	100.00	181	WP_003899880.1	aminoglycoside N-acetyltransferase AAC(2')-Ic	NF000034.1	aminoglycoside N-acetyltransferase AAC(2')-Ic
KLINIGGO_02104	erm(37)	23S rRNA (adenine(2058)-N(6))-methyltransferase Erm(37)	core	AMR	AMR	LINCOSAMIDE/MACROLIDE	AZITHROMYCIN/CLARITHROMYCIN/CLINDAMYCIN/ERYTHROMYCIN/TELITHROMYCIN	PARTIALP	150	179	83.80	99.33	150	WP_003900446.1	23S rRNA (adenine(2058)-N(6))-methyltransferase Erm(37)	NA	NA
KLINIGGO_02196	blaC	class A beta-lactamase BlaC	core	AMR	AMR	BETA-LACTAM	BETA-LACTAM	EXACTP	307	307	100.00	100.00	307	WP_003410677.1	class A beta-lactamase BlaC	NF041154.1	class A beta-lactamase BlaC
KMALKNKO_00290	aac(2')-Ic	aminoglycoside N-acetyltransferase AAC(2')-Ic	core	AMR	AMR	AMINOGLYCOSIDE	GENTAMICIN/TOBRAMYCIN	EXACTP	181	181	100.00	100.00	181	WP_003899880.1	aminoglycoside N-acetyltransferase AAC(2')-Ic	NF000034.1	aminoglycoside N-acetyltransferase AAC(2')-Ic
KMALKNKO_02128	erm(37)	23S rRNA (adenine(2058)-N(6))-methyltransferase Erm(37)	core	AMR	AMR	LINCOSAMIDE/MACROLIDE	AZITHROMYCIN/CLARITHROMYCIN/CLINDAMYCIN/ERYTHROMYCIN/TELITHROMYCIN	PARTIALP	150	179	83.80	99.33	150	WP_003900446.1	23S rRNA (adenine(2058)-N(6))-methyltransferase Erm(37)	NA	NA
KMALKNKO_02220	blaC	class A beta-lactamase BlaC	core	AMR	AMR	BETA-LACTAM	BETA-LACTAM	EXACTP	307	307	100.00	100.00	307	WP_003410677.1	class A beta-lactamase BlaC	NF041154.1	class A beta-lactamase BlaC
KMMEJAPO_00285	aac(2')-Ic	aminoglycoside N-acetyltransferase AAC(2')-Ic	core	AMR	AMR	AMINOGLYCOSIDE	GENTAMICIN/TOBRAMYCIN	EXACTP	181	181	100.00	100.00	181	WP_003899880.1	aminoglycoside N-acetyltransferase AAC(2')-Ic	NF000034.1	aminoglycoside N-acetyltransferase AAC(2')-Ic
KMMEJAPO_02118	erm(37)	23S rRNA (adenine(2058)-N(6))-methyltransferase Erm(37)	core	AMR	AMR	LINCOSAMIDE/MACROLIDE	AZITHROMYCIN/CLARITHROMYCIN/CLINDAMYCIN/ERYTHROMYCIN/TELITHROMYCIN	PARTIALP	150	179	83.80	99.33	150	WP_003900446.1	23S rRNA (adenine(2058)-N(6))-methyltransferase Erm(37)	NA	NA
KMMEJAPO_02204	blaC	class A beta-lactamase BlaC	core	AMR	AMR	BETA-LACTAM	BETA-LACTAM	EXACTP	307	307	100.00	100.00	307	WP_003410677.1	class A beta-lactamase BlaC	NF041154.1	class A beta-lactamase BlaC
KNLCMKCG_00285	aac(2')-Ic	aminoglycoside N-acetyltransferase AAC(2')-Ic	core	AMR	AMR	AMINOGLYCOSIDE	GENTAMICIN/TOBRAMYCIN	EXACTP	181	181	100.00	100.00	181	WP_003899880.1	aminoglycoside N-acetyltransferase AAC(2')-Ic	NF000034.1	aminoglycoside N-acetyltransferase AAC(2')-Ic
KNLCMKCG_02121	erm(37)	23S rRNA (adenine(2058)-N(6))-methyltransferase Erm(37)	core	AMR	AMR	LINCOSAMIDE/MACROLIDE	AZITHROMYCIN/CLARITHROMYCIN/CLINDAMYCIN/ERYTHROMYCIN/TELITHROMYCIN	PARTIALP	150	179	83.80	99.33	150	WP_003900446.1	23S rRNA (adenine(2058)-N(6))-methyltransferase Erm(37)	NA	NA
KNLCMKCG_02207	blaC	class A beta-lactamase BlaC	core	AMR	AMR	BETA-LACTAM	BETA-LACTAM	EXACTP	307	307	100.00	100.00	307	WP_003410677.1	class A beta-lactamase BlaC	NF041154.1	class A beta-lactamase BlaC
KOMJMMED_00280	aac(2')-Ic	aminoglycoside N-acetyltransferase AAC(2')-Ic	core	AMR	AMR	AMINOGLYCOSIDE	GENTAMICIN/TOBRAMYCIN	EXACTP	181	181	100.00	100.00	181	WP_003899880.1	aminoglycoside N-acetyltransferase AAC(2')-Ic	NF000034.1	aminoglycoside N-acetyltransferase AAC(2')-Ic
KOMJMMED_02110	erm(37)	23S rRNA (adenine(2058)-N(6))-methyltransferase Erm(37)	core	AMR	AMR	LINCOSAMIDE/MACROLIDE	AZITHROMYCIN/CLARITHROMYCIN/CLINDAMYCIN/ERYTHROMYCIN/TELITHROMYCIN	PARTIALP	150	179	83.80	99.33	150	WP_003900446.1	23S rRNA (adenine(2058)-N(6))-methyltransferase Erm(37)	NA	NA
KOMJMMED_02204	blaC	class A beta-lactamase BlaC	core	AMR	AMR	BETA-LACTAM	BETA-LACTAM	EXACTP	307	307	100.00	100.00	307	WP_003410677.1	class A beta-lactamase BlaC	NF041154.1	class A beta-lactamase BlaC
KPPAEHHA_00284	aac(2')-Ic	aminoglycoside N-acetyltransferase AAC(2')-Ic	core	AMR	AMR	AMINOGLYCOSIDE	GENTAMICIN/TOBRAMYCIN	EXACTP	181	181	100.00	100.00	181	WP_003899880.1	aminoglycoside N-acetyltransferase AAC(2')-Ic	NF000034.1	aminoglycoside N-acetyltransferase AAC(2')-Ic
KPPAEHHA_02114	erm(37)	23S rRNA (adenine(2058)-N(6))-methyltransferase Erm(37)	core	AMR	AMR	LINCOSAMIDE/MACROLIDE	AZITHROMYCIN/CLARITHROMYCIN/CLINDAMYCIN/ERYTHROMYCIN/TELITHROMYCIN	PARTIALP	150	179	83.80	99.33	150	WP_003900446.1	23S rRNA (adenine(2058)-N(6))-methyltransferase Erm(37)	NA	NA
KPPAEHHA_02210	blaC	class A beta-lactamase BlaC	core	AMR	AMR	BETA-LACTAM	BETA-LACTAM	EXACTP	307	307	100.00	100.00	307	WP_003410677.1	class A beta-lactamase BlaC	NF041154.1	class A beta-lactamase BlaC
LDGGDCNJ_00289	aac(2')-Ic	aminoglycoside N-acetyltransferase AAC(2')-Ic	core	AMR	AMR	AMINOGLYCOSIDE	GENTAMICIN/TOBRAMYCIN	EXACTP	181	181	100.00	100.00	181	WP_003899880.1	aminoglycoside N-acetyltransferase AAC(2')-Ic	NF000034.1	aminoglycoside N-acetyltransferase AAC(2')-Ic
LDGGDCNJ_02141	erm(37)	23S rRNA (adenine(2058)-N(6))-methyltransferase Erm(37)	core	AMR	AMR	LINCOSAMIDE/MACROLIDE	AZITHROMYCIN/CLARITHROMYCIN/CLINDAMYCIN/ERYTHROMYCIN/TELITHROMYCIN	PARTIALP	150	179	83.80	99.33	150	WP_003900446.1	23S rRNA (adenine(2058)-N(6))-methyltransferase Erm(37)	NA	NA
LDGGDCNJ_02232	blaC	class A beta-lactamase BlaC	core	AMR	AMR	BETA-LACTAM	BETA-LACTAM	EXACTP	307	307	100.00	100.00	307	WP_003410677.1	class A beta-lactamase BlaC	NF041154.1	class A beta-lactamase BlaC
LIDHCGDH_00285	aac(2')-Ic	aminoglycoside N-acetyltransferase AAC(2')-Ic	core	AMR	AMR	AMINOGLYCOSIDE	GENTAMICIN/TOBRAMYCIN	EXACTP	181	181	100.00	100.00	181	WP_003899880.1	aminoglycoside N-acetyltransferase AAC(2')-Ic	NF000034.1	aminoglycoside N-acetyltransferase AAC(2')-Ic
LIDHCGDH_02130	erm(37)	23S rRNA (adenine(2058)-N(6))-methyltransferase Erm(37)	core	AMR	AMR	LINCOSAMIDE/MACROLIDE	AZITHROMYCIN/CLARITHROMYCIN/CLINDAMYCIN/ERYTHROMYCIN/TELITHROMYCIN	PARTIALP	150	179	83.80	99.33	150	WP_003900446.1	23S rRNA (adenine(2058)-N(6))-methyltransferase Erm(37)	NA	NA
LIDHCGDH_02223	blaC	class A beta-lactamase BlaC	core	AMR	AMR	BETA-LACTAM	BETA-LACTAM	EXACTP	307	307	100.00	100.00	307	WP_003410677.1	class A beta-lactamase BlaC	NF041154.1	class A beta-lactamase BlaC
LKEGJIGH_00288	aac(2')-Ic	aminoglycoside N-acetyltransferase AAC(2')-Ic	core	AMR	AMR	AMINOGLYCOSIDE	GENTAMICIN/TOBRAMYCIN	EXACTP	181	181	100.00	100.00	181	WP_003899880.1	aminoglycoside N-acetyltransferase AAC(2')-Ic	NF000034.1	aminoglycoside N-acetyltransferase AAC(2')-Ic
LKEGJIGH_02135	erm(37)	23S rRNA (adenine(2058)-N(6))-methyltransferase Erm(37)	core	AMR	AMR	LINCOSAMIDE/MACROLIDE	AZITHROMYCIN/CLARITHROMYCIN/CLINDAMYCIN/ERYTHROMYCIN/TELITHROMYCIN	PARTIALP	150	179	83.80	99.33	150	WP_003900446.1	23S rRNA (adenine(2058)-N(6))-methyltransferase Erm(37)	NA	NA
LKEGJIGH_02228	blaC	class A beta-lactamase BlaC	core	AMR	AMR	BETA-LACTAM	BETA-LACTAM	EXACTP	307	307	100.00	100.00	307	WP_003410677.1	class A beta-lactamase BlaC	NF041154.1	class A beta-lactamase BlaC
LKMBNBBH_00286	aac(2')-Ic	aminoglycoside N-acetyltransferase AAC(2')-Ic	core	AMR	AMR	AMINOGLYCOSIDE	GENTAMICIN/TOBRAMYCIN	EXACTP	181	181	100.00	100.00	181	WP_003899880.1	aminoglycoside N-acetyltransferase AAC(2')-Ic	NF000034.1	aminoglycoside N-acetyltransferase AAC(2')-Ic
LKMBNBBH_02158	erm(37)	23S rRNA (adenine(2058)-N(6))-methyltransferase Erm(37)	core	AMR	AMR	LINCOSAMIDE/MACROLIDE	AZITHROMYCIN/CLARITHROMYCIN/CLINDAMYCIN/ERYTHROMYCIN/TELITHROMYCIN	PARTIALP	150	179	83.80	99.33	150	WP_003900446.1	23S rRNA (adenine(2058)-N(6))-methyltransferase Erm(37)	NA	NA
LKMBNBBH_02247	blaC	class A beta-lactamase BlaC	core	AMR	AMR	BETA-LACTAM	BETA-LACTAM	EXACTP	307	307	100.00	100.00	307	WP_003410677.1	class A beta-lactamase BlaC	NF041154.1	class A beta-lactamase BlaC
LLDAONDA_00294	aac(2')-Ic	aminoglycoside N-acetyltransferase AAC(2')-Ic	core	AMR	AMR	AMINOGLYCOSIDE	GENTAMICIN/TOBRAMYCIN	EXACTP	181	181	100.00	100.00	181	WP_003899880.1	aminoglycoside N-acetyltransferase AAC(2')-Ic	NF000034.1	aminoglycoside N-acetyltransferase AAC(2')-Ic
LLDAONDA_02198	blaC	class A beta-lactamase BlaC	core	AMR	AMR	BETA-LACTAM	BETA-LACTAM	EXACTP	307	307	100.00	100.00	307	WP_003410677.1	class A beta-lactamase BlaC	NF041154.1	class A beta-lactamase BlaC
LOLGOFCF_01468	blaC	class A beta-lactamase BlaC	core	AMR	AMR	BETA-LACTAM	BETA-LACTAM	EXACTP	307	307	100.00	100.00	307	WP_003410677.1	class A beta-lactamase BlaC	NF041154.1	class A beta-lactamase BlaC
LOLGOFCF_01561	erm(37)	23S rRNA (adenine(2058)-N(6))-methyltransferase Erm(37)	core	AMR	AMR	LINCOSAMIDE/MACROLIDE	AZITHROMYCIN/CLARITHROMYCIN/CLINDAMYCIN/ERYTHROMYCIN/TELITHROMYCIN	PARTIALP	150	179	83.80	99.33	150	WP_003900446.1	23S rRNA (adenine(2058)-N(6))-methyltransferase Erm(37)	NA	NA
LOLGOFCF_03414	aac(2')-Ic	aminoglycoside N-acetyltransferase AAC(2')-Ic	core	AMR	AMR	AMINOGLYCOSIDE	GENTAMICIN/TOBRAMYCIN	EXACTP	181	181	100.00	100.00	181	WP_003899880.1	aminoglycoside N-acetyltransferase AAC(2')-Ic	NF000034.1	aminoglycoside N-acetyltransferase AAC(2')-Ic
LPHGFOOM_01009	aac(2')-Ic	aminoglycoside N-acetyltransferase AAC(2')-Ic	core	AMR	AMR	AMINOGLYCOSIDE	GENTAMICIN/TOBRAMYCIN	EXACTP	181	181	100.00	100.00	181	WP_003899880.1	aminoglycoside N-acetyltransferase AAC(2')-Ic	NF000034.1	aminoglycoside N-acetyltransferase AAC(2')-Ic
LPHGFOOM_02864	erm(37)	23S rRNA (adenine(2058)-N(6))-methyltransferase Erm(37)	core	AMR	AMR	LINCOSAMIDE/MACROLIDE	AZITHROMYCIN/CLARITHROMYCIN/CLINDAMYCIN/ERYTHROMYCIN/TELITHROMYCIN	PARTIALP	150	179	83.80	99.33	150	WP_003900446.1	23S rRNA (adenine(2058)-N(6))-methyltransferase Erm(37)	NA	NA
LPHGFOOM_02956	blaC	class A beta-lactamase BlaC	core	AMR	AMR	BETA-LACTAM	BETA-LACTAM	EXACTP	307	307	100.00	100.00	307	WP_003410677.1	class A beta-lactamase BlaC	NF041154.1	class A beta-lactamase BlaC
MEDLPFJO_00289	aac(2')-Ic	aminoglycoside N-acetyltransferase AAC(2')-Ic	core	AMR	AMR	AMINOGLYCOSIDE	GENTAMICIN/TOBRAMYCIN	EXACTP	181	181	100.00	100.00	181	WP_003899880.1	aminoglycoside N-acetyltransferase AAC(2')-Ic	NF000034.1	aminoglycoside N-acetyltransferase AAC(2')-Ic
MEDLPFJO_02157	erm(37)	23S rRNA (adenine(2058)-N(6))-methyltransferase Erm(37)	core	AMR	AMR	LINCOSAMIDE/MACROLIDE	AZITHROMYCIN/CLARITHROMYCIN/CLINDAMYCIN/ERYTHROMYCIN/TELITHROMYCIN	PARTIALP	150	179	83.80	99.33	150	WP_003900446.1	23S rRNA (adenine(2058)-N(6))-methyltransferase Erm(37)	NA	NA
MEDLPFJO_02247	blaC	class A beta-lactamase BlaC	core	AMR	AMR	BETA-LACTAM	BETA-LACTAM	EXACTP	307	307	100.00	100.00	307	WP_003410677.1	class A beta-lactamase BlaC	NF041154.1	class A beta-lactamase BlaC
MFKDNBOF_00283	aac(2')-Ic	aminoglycoside N-acetyltransferase AAC(2')-Ic	core	AMR	AMR	AMINOGLYCOSIDE	GENTAMICIN/TOBRAMYCIN	EXACTP	181	181	100.00	100.00	181	WP_003899880.1	aminoglycoside N-acetyltransferase AAC(2')-Ic	NF000034.1	aminoglycoside N-acetyltransferase AAC(2')-Ic
MFKDNBOF_02123	erm(37)	23S rRNA (adenine(2058)-N(6))-methyltransferase Erm(37)	core	AMR	AMR	LINCOSAMIDE/MACROLIDE	AZITHROMYCIN/CLARITHROMYCIN/CLINDAMYCIN/ERYTHROMYCIN/TELITHROMYCIN	PARTIALP	150	179	83.80	99.33	150	WP_003900446.1	23S rRNA (adenine(2058)-N(6))-methyltransferase Erm(37)	NA	NA
MFKDNBOF_02220	blaC	class A beta-lactamase BlaC	core	AMR	AMR	BETA-LACTAM	BETA-LACTAM	EXACTP	307	307	100.00	100.00	307	WP_003410677.1	class A beta-lactamase BlaC	NF041154.1	class A beta-lactamase BlaC
MKEIILFD_00285	aac(2')-Ic	aminoglycoside N-acetyltransferase AAC(2')-Ic	core	AMR	AMR	AMINOGLYCOSIDE	GENTAMICIN/TOBRAMYCIN	EXACTP	181	181	100.00	100.00	181	WP_003899880.1	aminoglycoside N-acetyltransferase AAC(2')-Ic	NF000034.1	aminoglycoside N-acetyltransferase AAC(2')-Ic
MKEIILFD_02116	erm(37)	23S rRNA (adenine(2058)-N(6))-methyltransferase Erm(37)	core	AMR	AMR	LINCOSAMIDE/MACROLIDE	AZITHROMYCIN/CLARITHROMYCIN/CLINDAMYCIN/ERYTHROMYCIN/TELITHROMYCIN	PARTIALP	150	179	83.80	99.33	150	WP_003900446.1	23S rRNA (adenine(2058)-N(6))-methyltransferase Erm(37)	NA	NA
MKEIILFD_02211	blaC	class A beta-lactamase BlaC	core	AMR	AMR	BETA-LACTAM	BETA-LACTAM	EXACTP	307	307	100.00	100.00	307	WP_003410677.1	class A beta-lactamase BlaC	NF041154.1	class A beta-lactamase BlaC
MKGHDNKE_00288	aac(2')-Ic	aminoglycoside N-acetyltransferase AAC(2')-Ic	core	AMR	AMR	AMINOGLYCOSIDE	GENTAMICIN/TOBRAMYCIN	EXACTP	181	181	100.00	100.00	181	WP_003899880.1	aminoglycoside N-acetyltransferase AAC(2')-Ic	NF000034.1	aminoglycoside N-acetyltransferase AAC(2')-Ic
MKGHDNKE_02105	erm(37)	23S rRNA (adenine(2058)-N(6))-methyltransferase Erm(37)	core	AMR	AMR	LINCOSAMIDE/MACROLIDE	AZITHROMYCIN/CLARITHROMYCIN/CLINDAMYCIN/ERYTHROMYCIN/TELITHROMYCIN	PARTIALP	150	179	83.80	99.33	150	WP_003900446.1	23S rRNA (adenine(2058)-N(6))-methyltransferase Erm(37)	NA	NA
MKGHDNKE_02191	blaC	class A beta-lactamase BlaC	core	AMR	AMR	BETA-LACTAM	BETA-LACTAM	EXACTP	307	307	100.00	100.00	307	WP_003410677.1	class A beta-lactamase BlaC	NF041154.1	class A beta-lactamase BlaC
NAPJAAOG_00285	aac(2')-Ic	aminoglycoside N-acetyltransferase AAC(2')-Ic	core	AMR	AMR	AMINOGLYCOSIDE	GENTAMICIN/TOBRAMYCIN	EXACTP	181	181	100.00	100.00	181	WP_003899880.1	aminoglycoside N-acetyltransferase AAC(2')-Ic	NF000034.1	aminoglycoside N-acetyltransferase AAC(2')-Ic
NAPJAAOG_02088	erm(37)	23S rRNA (adenine(2058)-N(6))-methyltransferase Erm(37)	core	AMR	AMR	LINCOSAMIDE/MACROLIDE	AZITHROMYCIN/CLARITHROMYCIN/CLINDAMYCIN/ERYTHROMYCIN/TELITHROMYCIN	PARTIALP	150	179	83.80	99.33	150	WP_003900446.1	23S rRNA (adenine(2058)-N(6))-methyltransferase Erm(37)	NA	NA
NAPJAAOG_02169	blaC	class A beta-lactamase BlaC	core	AMR	AMR	BETA-LACTAM	BETA-LACTAM	EXACTP	307	307	100.00	100.00	307	WP_003410677.1	class A beta-lactamase BlaC	NF041154.1	class A beta-lactamase BlaC
NCLILDOH_00288	aac(2')-Ic	aminoglycoside N-acetyltransferase AAC(2')-Ic	core	AMR	AMR	AMINOGLYCOSIDE	GENTAMICIN/TOBRAMYCIN	EXACTP	181	181	100.00	100.00	181	WP_003899880.1	aminoglycoside N-acetyltransferase AAC(2')-Ic	NF000034.1	aminoglycoside N-acetyltransferase AAC(2')-Ic
NCLILDOH_02102	erm(37)	23S rRNA (adenine(2058)-N(6))-methyltransferase Erm(37)	core	AMR	AMR	LINCOSAMIDE/MACROLIDE	AZITHROMYCIN/CLARITHROMYCIN/CLINDAMYCIN/ERYTHROMYCIN/TELITHROMYCIN	PARTIALP	150	179	83.80	99.33	150	WP_003900446.1	23S rRNA (adenine(2058)-N(6))-methyltransferase Erm(37)	NA	NA
NCLILDOH_02188	blaC	class A beta-lactamase BlaC	core	AMR	AMR	BETA-LACTAM	BETA-LACTAM	EXACTP	307	307	100.00	100.00	307	WP_003410677.1	class A beta-lactamase BlaC	NF041154.1	class A beta-lactamase BlaC
NDOHIPOI_00285	aac(2')-Ic	aminoglycoside N-acetyltransferase AAC(2')-Ic	core	AMR	AMR	AMINOGLYCOSIDE	GENTAMICIN/TOBRAMYCIN	EXACTP	181	181	100.00	100.00	181	WP_003899880.1	aminoglycoside N-acetyltransferase AAC(2')-Ic	NF000034.1	aminoglycoside N-acetyltransferase AAC(2')-Ic
NDOHIPOI_02094	erm(37)	23S rRNA (adenine(2058)-N(6))-methyltransferase Erm(37)	core	AMR	AMR	LINCOSAMIDE/MACROLIDE	AZITHROMYCIN/CLARITHROMYCIN/CLINDAMYCIN/ERYTHROMYCIN/TELITHROMYCIN	PARTIALP	150	179	83.80	99.33	150	WP_003900446.1	23S rRNA (adenine(2058)-N(6))-methyltransferase Erm(37)	NA	NA
NDOHIPOI_02183	blaC	class A beta-lactamase BlaC	core	AMR	AMR	BETA-LACTAM	BETA-LACTAM	EXACTP	307	307	100.00	100.00	307	WP_003410677.1	class A beta-lactamase BlaC	NF041154.1	class A beta-lactamase BlaC
NIBNKGIE_00283	aac(2')-Ic	aminoglycoside N-acetyltransferase AAC(2')-Ic	core	AMR	AMR	AMINOGLYCOSIDE	GENTAMICIN/TOBRAMYCIN	EXACTP	181	181	100.00	100.00	181	WP_003899880.1	aminoglycoside N-acetyltransferase AAC(2')-Ic	NF000034.1	aminoglycoside N-acetyltransferase AAC(2')-Ic
NIBNKGIE_02099	erm(37)	23S rRNA (adenine(2058)-N(6))-methyltransferase Erm(37)	core	AMR	AMR	LINCOSAMIDE/MACROLIDE	AZITHROMYCIN/CLARITHROMYCIN/CLINDAMYCIN/ERYTHROMYCIN/TELITHROMYCIN	PARTIALP	150	179	83.80	99.33	150	WP_003900446.1	23S rRNA (adenine(2058)-N(6))-methyltransferase Erm(37)	NA	NA
NIBNKGIE_02189	blaC	class A beta-lactamase BlaC	core	AMR	AMR	BETA-LACTAM	BETA-LACTAM	EXACTP	307	307	100.00	100.00	307	WP_003410677.1	class A beta-lactamase BlaC	NF041154.1	class A beta-lactamase BlaC
NLJCHKLP_00286	aac(2')-Ic	aminoglycoside N-acetyltransferase AAC(2')-Ic	core	AMR	AMR	AMINOGLYCOSIDE	GENTAMICIN/TOBRAMYCIN	EXACTP	181	181	100.00	100.00	181	WP_003899880.1	aminoglycoside N-acetyltransferase AAC(2')-Ic	NF000034.1	aminoglycoside N-acetyltransferase AAC(2')-Ic
NLJCHKLP_01884	erm(37)	23S rRNA (adenine(2058)-N(6))-methyltransferase Erm(37)	core	AMR	AMR	LINCOSAMIDE/MACROLIDE	AZITHROMYCIN/CLARITHROMYCIN/CLINDAMYCIN/ERYTHROMYCIN/TELITHROMYCIN	PARTIALP	150	179	83.80	99.33	150	WP_003900446.1	23S rRNA (adenine(2058)-N(6))-methyltransferase Erm(37)	NA	NA
NLJCHKLP_01982	blaC	class A beta-lactamase BlaC	core	AMR	AMR	BETA-LACTAM	BETA-LACTAM	EXACTP	307	307	100.00	100.00	307	WP_003410677.1	class A beta-lactamase BlaC	NF041154.1	class A beta-lactamase BlaC
OAMLMAHA_00286	aac(2')-Ic	aminoglycoside N-acetyltransferase AAC(2')-Ic	core	AMR	AMR	AMINOGLYCOSIDE	GENTAMICIN/TOBRAMYCIN	EXACTP	181	181	100.00	100.00	181	WP_003899880.1	aminoglycoside N-acetyltransferase AAC(2')-Ic	NF000034.1	aminoglycoside N-acetyltransferase AAC(2')-Ic
OAMLMAHA_02121	erm(37)	23S rRNA (adenine(2058)-N(6))-methyltransferase Erm(37)	core	AMR	AMR	LINCOSAMIDE/MACROLIDE	AZITHROMYCIN/CLARITHROMYCIN/CLINDAMYCIN/ERYTHROMYCIN/TELITHROMYCIN	PARTIALP	150	179	83.80	99.33	150	WP_003900446.1	23S rRNA (adenine(2058)-N(6))-methyltransferase Erm(37)	NA	NA
OAMLMAHA_02218	blaC	class A beta-lactamase BlaC	core	AMR	AMR	BETA-LACTAM	BETA-LACTAM	EXACTP	307	307	100.00	100.00	307	WP_003410677.1	class A beta-lactamase BlaC	NF041154.1	class A beta-lactamase BlaC
OBGJCKGB_00285	aac(2')-Ic	aminoglycoside N-acetyltransferase AAC(2')-Ic	core	AMR	AMR	AMINOGLYCOSIDE	GENTAMICIN/TOBRAMYCIN	EXACTP	181	181	100.00	100.00	181	WP_003899880.1	aminoglycoside N-acetyltransferase AAC(2')-Ic	NF000034.1	aminoglycoside N-acetyltransferase AAC(2')-Ic
OBGJCKGB_02127	erm(37)	23S rRNA (adenine(2058)-N(6))-methyltransferase Erm(37)	core	AMR	AMR	LINCOSAMIDE/MACROLIDE	AZITHROMYCIN/CLARITHROMYCIN/CLINDAMYCIN/ERYTHROMYCIN/TELITHROMYCIN	PARTIALP	150	179	83.80	99.33	150	WP_003900446.1	23S rRNA (adenine(2058)-N(6))-methyltransferase Erm(37)	NA	NA
OBGJCKGB_02223	blaC	class A beta-lactamase BlaC	core	AMR	AMR	BETA-LACTAM	BETA-LACTAM	EXACTP	307	307	100.00	100.00	307	WP_003410677.1	class A beta-lactamase BlaC	NF041154.1	class A beta-lactamase BlaC
OHCMKMIM_00284	aac(2')-Ic	aminoglycoside N-acetyltransferase AAC(2')-Ic	core	AMR	AMR	AMINOGLYCOSIDE	GENTAMICIN/TOBRAMYCIN	EXACTP	181	181	100.00	100.00	181	WP_003899880.1	aminoglycoside N-acetyltransferase AAC(2')-Ic	NF000034.1	aminoglycoside N-acetyltransferase AAC(2')-Ic
OHCMKMIM_02127	erm(37)	23S rRNA (adenine(2058)-N(6))-methyltransferase Erm(37)	core	AMR	AMR	LINCOSAMIDE/MACROLIDE	AZITHROMYCIN/CLARITHROMYCIN/CLINDAMYCIN/ERYTHROMYCIN/TELITHROMYCIN	PARTIALP	150	179	83.80	99.33	150	WP_003900446.1	23S rRNA (adenine(2058)-N(6))-methyltransferase Erm(37)	NA	NA
OHCMKMIM_02224	blaC	class A beta-lactamase BlaC	core	AMR	AMR	BETA-LACTAM	BETA-LACTAM	EXACTP	307	307	100.00	100.00	307	WP_003410677.1	class A beta-lactamase BlaC	NF041154.1	class A beta-lactamase BlaC
OHEPELHH_01568	aac(2')-Ic	aminoglycoside N-acetyltransferase AAC(2')-Ic	core	AMR	AMR	AMINOGLYCOSIDE	GENTAMICIN/TOBRAMYCIN	EXACTP	181	181	100.00	100.00	181	WP_003899880.1	aminoglycoside N-acetyltransferase AAC(2')-Ic	NF000034.1	aminoglycoside N-acetyltransferase AAC(2')-Ic
OHEPELHH_03417	erm(37)	23S rRNA (adenine(2058)-N(6))-methyltransferase Erm(37)	core	AMR	AMR	LINCOSAMIDE/MACROLIDE	AZITHROMYCIN/CLARITHROMYCIN/CLINDAMYCIN/ERYTHROMYCIN/TELITHROMYCIN	PARTIALP	150	179	83.80	99.33	150	WP_003900446.1	23S rRNA (adenine(2058)-N(6))-methyltransferase Erm(37)	NA	NA
OHEPELHH_03509	blaC	class A beta-lactamase BlaC	core	AMR	AMR	BETA-LACTAM	BETA-LACTAM	EXACTP	307	307	100.00	100.00	307	WP_003410677.1	class A beta-lactamase BlaC	NF041154.1	class A beta-lactamase BlaC
OHGGDKND_00280	aac(2')-Ic	aminoglycoside N-acetyltransferase AAC(2')-Ic	core	AMR	AMR	AMINOGLYCOSIDE	GENTAMICIN/TOBRAMYCIN	EXACTP	181	181	100.00	100.00	181	WP_003899880.1	aminoglycoside N-acetyltransferase AAC(2')-Ic	NF000034.1	aminoglycoside N-acetyltransferase AAC(2')-Ic
OHGGDKND_02119	erm(37)	23S rRNA (adenine(2058)-N(6))-methyltransferase Erm(37)	core	AMR	AMR	LINCOSAMIDE/MACROLIDE	AZITHROMYCIN/CLARITHROMYCIN/CLINDAMYCIN/ERYTHROMYCIN/TELITHROMYCIN	PARTIALP	150	179	83.80	99.33	150	WP_003900446.1	23S rRNA (adenine(2058)-N(6))-methyltransferase Erm(37)	NA	NA
OHGGDKND_02210	blaC	class A beta-lactamase BlaC	core	AMR	AMR	BETA-LACTAM	BETA-LACTAM	EXACTP	307	307	100.00	100.00	307	WP_003410677.1	class A beta-lactamase BlaC	NF041154.1	class A beta-lactamase BlaC
ONALFFCB_00790	aac(2')-Ic	aminoglycoside N-acetyltransferase AAC(2')-Ic	core	AMR	AMR	AMINOGLYCOSIDE	GENTAMICIN/TOBRAMYCIN	EXACTP	181	181	100.00	100.00	181	WP_003899880.1	aminoglycoside N-acetyltransferase AAC(2')-Ic	NF000034.1	aminoglycoside N-acetyltransferase AAC(2')-Ic
ONALFFCB_03034	blaC	class A beta-lactamase BlaC	core	AMR	AMR	BETA-LACTAM	BETA-LACTAM	EXACTP	307	307	100.00	100.00	307	WP_003410677.1	class A beta-lactamase BlaC	NF041154.1	class A beta-lactamase BlaC
ONALFFCB_03128	erm(37)	23S rRNA (adenine(2058)-N(6))-methyltransferase Erm(37)	core	AMR	AMR	LINCOSAMIDE/MACROLIDE	AZITHROMYCIN/CLARITHROMYCIN/CLINDAMYCIN/ERYTHROMYCIN/TELITHROMYCIN	PARTIALP	150	179	83.80	99.33	150	WP_003900446.1	23S rRNA (adenine(2058)-N(6))-methyltransferase Erm(37)	NA	NA
PKFGACJF_00285	aac(2')-Ic	aminoglycoside N-acetyltransferase AAC(2')-Ic	core	AMR	AMR	AMINOGLYCOSIDE	GENTAMICIN/TOBRAMYCIN	BLASTP	181	181	100.00	99.45	181	WP_003899880.1	aminoglycoside N-acetyltransferase AAC(2')-Ic	NF000034.1	aminoglycoside N-acetyltransferase AAC(2')-Ic
PKFGACJF_02223	blaC	class A beta-lactamase BlaC	core	AMR	AMR	BETA-LACTAM	BETA-LACTAM	EXACTP	307	307	100.00	100.00	307	WP_003410677.1	class A beta-lactamase BlaC	NF041154.1	class A beta-lactamase BlaC
PKFGACJF_02317	erm(37)	23S rRNA (adenine(2058)-N(6))-methyltransferase Erm(37)	core	AMR	AMR	LINCOSAMIDE/MACROLIDE	AZITHROMYCIN/CLARITHROMYCIN/CLINDAMYCIN/ERYTHROMYCIN/TELITHROMYCIN	PARTIALP	150	179	83.80	99.33	150	WP_003900446.1	23S rRNA (adenine(2058)-N(6))-methyltransferase Erm(37)	NA	NA
